order_id,order_date,product_id,customer_segment,region,warehouse_id,quantity,unit_price,unit_cost,planned_delivery_days,actual_delivery_days,carrier,order_status,product_name,category,supplier,risk_tier,active_contract,contract_terms_target_on_time_rate,contract_terms_max_defect_rate,contract_terms_payment_terms,revenue,cost,profit,profit_margin,delivery_variance_days,delivery_status,contract_validation_flag
ORD00001,2026-03-23,P002,Education,Midwest,WH_CHI,97,23.37,13.73,2,3,Internal Fleet,Delivered,Nitrile Gloves,Healthcare Supplies,SafeHands,Low,True,0.87,0.03,Net 30,2266.89,1331.81,935.0799999999999,0.4124946512623021,1,Delayed,Pass
ORD00002,2026-01-12,P007,Retail,Midwest,WH_CHI,75,12.03,7.37,6,6,FedEx,Delivered,Trash Bags,Janitorial,CleanPro,Medium,True,0.92,0.04,Net 45,902.25,552.75,349.5,0.3873649210307564,0,On Time,Pass
ORD00003,2026-03-13,P004,Healthcare,Northeast,WH_NJ,135,38.69,24.19,2,2,UPS,Delayed,Paper Towels,Janitorial,DaxPro,High,True,0.94,0.05,Net 45,5223.15,3265.65,1957.4999999999995,0.3747738433703799,0,On Time,Pass
ORD00004,2026-03-31,P007,Education,West,WH_LAX,106,16.66,13.47,4,5,FedEx,Delivered,Trash Bags,Janitorial,CleanPro,Medium,True,0.92,0.04,Net 45,1765.96,1427.8200000000002,338.1399999999999,0.1914765906362544,1,Delayed,Pass
ORD00005,2026-01-12,P007,Education,Midwest,WH_CHI,63,68.56,48.88,2,2,Regional Carrier,Delivered,Trash Bags,Janitorial,CleanPro,Medium,True,0.92,0.04,Net 45,4319.28,3079.44,1239.8399999999997,0.28704784130688443,0,On Time,Pass
ORD00006,2026-03-10,P002,Retail,Northeast,WH_NJ,63,46.4,35.91,6,6,Unknown,Delivered,Nitrile Gloves,Healthcare Supplies,SafeHands,Low,True,0.87,0.03,Net 30,2923.2,2262.33,660.8699999999999,0.22607758620689652,0,On Time,Pass
ORD00007,2026-03-15,P004,Retail,Midwest,WH_CHI,44,54.59,41.42,2,2,UPS,Delivered,Paper Towels,Janitorial,DaxPro,High,True,0.94,0.05,Net 45,2401.96,1822.48,579.48,0.24125297673566587,0,On Time,Pass
ORD00008,2026-01-13,P007,Government,West,WH_LAX,90,52.68,34.16,4,4,DHL,Delivered,Trash Bags,Janitorial,CleanPro,Medium,True,0.92,0.04,Net 45,4741.2,3074.3999999999996,1666.8000000000002,0.3515565679574792,0,On Time,Pass
ORD00009,2026-01-27,P005,Distribution,Midwest,WH_CHI,82,52.62,36.53,3,3,UPS,Delivered,Disposable Cups,Food Service,EcoServe,Low,True,0.91,0.06,Net 45,4314.84,2995.46,1319.38,0.30577727099961993,0,On Time,Pass
ORD00010,2026-03-01,P007,Distribution,West,WH_LAX,30,21.47,13.69,2,2,UPS,Delivered,Trash Bags,Janitorial,CleanPro,Medium,True,0.92,0.04,Net 45,644.0999999999999,410.7,233.39999999999992,0.3623660922217046,0,On Time,Pass
ORD00011,2026-01-05,P006,Education,Northeast,WH_NJ,58,9.96,7.93,6,6,DHL,Delivered,Printer Toner,Office Supplies,InkLogic,Low,True,0.88,0.02,Net 60,577.6800000000001,459.94,117.74000000000007,0.2038152610441768,0,On Time,Pass
ORD00012,2026-01-28,P008,Government,Northeast,WH_NJ,69,15.72,9.24,6,6,Internal Fleet,Delivered,Face Masks,Healthcare Supplies,SafeHands,Low,True,0.87,0.03,Net 30,1084.68,637.5600000000001,447.12,0.41221374045801523,0,On Time,Pass
ORD00013,2026-02-03,P007,Education,Northeast,WH_NJ,108,21.45,17.57,6,6,Regional Carrier,Delivered,Trash Bags,Janitorial,CleanPro,Medium,True,0.92,0.04,Net 45,2316.6,1897.56,419.03999999999996,0.1808857808857809,0,On Time,Pass
ORD00014,2026-01-12,P001,Healthcare,Midwest,WH_CHI,37,52.06,39.77,5,5,Internal Fleet,Delivered,Copy Paper,Office Supplies,NorthStar Paper,High,True,0.92,0.06,Net 60,1926.22,1471.49,454.73,0.23607376104494815,0,On Time,Pass
ORD00015,2026-01-09,P007,Distribution,Northeast,WH_NJ,105,79.71,55.23,6,6,FedEx,Delivered,Trash Bags,Janitorial,CleanPro,Medium,True,0.92,0.04,Net 45,8369.55,5799.15,2570.3999999999996,0.3071132856605194,0,On Time,Pass
ORD00016,2026-03-29,P002,Education,West,WH_LAX,85,13.37,8.92,5,5,FedEx,Delivered,Nitrile Gloves,Healthcare Supplies,SafeHands,Low,True,0.87,0.03,Net 30,1136.45,758.2,378.25,0.33283470456245323,0,On Time,Pass
ORD00017,2026-02-03,P003,Education,Midwest,WH_CHI,28,68.13,46.81,3,4,UPS,Delivered,Cleaning Wipes,Janitorial,CleanPro,Medium,True,0.92,0.04,Net 45,1907.6399999999999,1310.68,596.9599999999998,0.3129311610157052,1,Delayed,Pass
ORD00018,2026-02-17,P003,Distribution,Midwest,WH_CHI,54,29.31,16.27,4,4,DHL,Delivered,Cleaning Wipes,Janitorial,CleanPro,Medium,True,0.92,0.04,Net 45,1582.74,878.5799999999999,704.1600000000001,0.44489935175707956,0,On Time,Pass
ORD00019,2026-01-31,P001,Distribution,South,WH_DAL,91,76.02,43.57,5,5,FedEx,Cancelled,Copy Paper,Office Supplies,NorthStar Paper,High,True,0.92,0.06,Net 60,6917.82,3964.87,2952.95,0.4268613522757169,0,On Time,Pass
ORD00020,2026-03-10,P003,Government,South,WH_DAL,66,76.01,45.19,6,7,Internal Fleet,Delivered,Cleaning Wipes,Janitorial,CleanPro,Medium,True,0.92,0.04,Net 45,5016.660000000001,2982.54,2034.1200000000008,0.4054729640836733,1,Delayed,Pass
ORD00021,2026-02-24,P004,Education,South,WH_DAL,116,34.92,25.54,4,5,Regional Carrier,Delivered,Paper Towels,Janitorial,DaxPro,High,True,0.94,0.05,Net 45,4050.7200000000003,2962.64,1088.0800000000004,0.2686139747995419,1,Delayed,Review Needed
ORD00022,2026-03-08,P008,Healthcare,Midwest,WH_CHI,112,21.85,14.01,6,6,Internal Fleet,Delivered,Face Masks,Healthcare Supplies,SafeHands,Low,True,0.87,0.03,Net 30,2447.2000000000003,1569.12,878.0800000000004,0.3588100686498857,0,On Time,Pass
ORD00023,2026-01-30,P004,Retail,Midwest,WH_CHI,91,58.09,32.87,2,2,FedEx,Delivered,Paper Towels,Janitorial,DaxPro,High,True,0.94,0.05,Net 45,5286.1900000000005,2991.1699999999996,2295.020000000001,0.4341538991220521,0,On Time,Pass
ORD00024,2026-02-12,P002,Education,South,WH_DAL,114,55.17,33.53,3,3,Internal Fleet,Delivered,Nitrile Gloves,Healthcare Supplies,SafeHands,Low,True,0.87,0.03,Net 30,6289.38,3822.42,2466.96,0.392242160594526,0,On Time,Pass
ORD00025,2026-03-15,P008,Government,South,WH_DAL,108,65.56,39.43,2,4,Regional Carrier,Delivered,Face Masks,Healthcare Supplies,SafeHands,Low,True,0.87,0.03,Net 30,7080.4800000000005,4258.44,2822.040000000001,0.3985661989017695,2,Delayed,Pass
ORD00026,2026-02-15,P007,Government,Northeast,WH_NJ,127,69.79,39.41,2,2,FedEx,Delivered,Trash Bags,Janitorial,CleanPro,Medium,True,0.92,0.04,Net 45,8863.33,5005.07,3858.26,0.43530591775325983,0,On Time,Pass
ORD00027,2026-02-21,P006,Healthcare,Midwest,WH_CHI,92,19.37,13.46,3,4,Regional Carrier,Delivered,Printer Toner,Office Supplies,InkLogic,Low,True,0.88,0.02,Net 60,1782.0400000000002,1238.3200000000002,543.72,0.3051109963861642,1,Delayed,Pass
ORD00028,2026-01-24,P005,Healthcare,Northeast,WH_NJ,133,70.59,40.26,6,6,FedEx,Delivered,Disposable Cups,Food Service,EcoServe,Low,True,0.91,0.06,Net 45,9388.470000000001,5354.58,4033.8900000000012,0.4296642583935402,0,On Time,Pass
ORD00029,2026-01-07,P001,Healthcare,Midwest,WH_CHI,83,17.47,11.9,3,3,Regional Carrier,Delivered,Copy Paper,Office Supplies,NorthStar Paper,High,True,0.92,0.06,Net 60,1450.01,987.7,462.30999999999995,0.3188322839152833,0,On Time,Pass
ORD00030,2026-01-08,P003,Retail,Northeast,WH_NJ,69,78.9,49.04,5,7,DHL,Delivered,Cleaning Wipes,Janitorial,CleanPro,Medium,True,0.92,0.04,Net 45,5444.1,3383.7599999999998,2060.3400000000006,0.37845373891001277,2,Delayed,Pass
ORD00031,2026-02-24,P008,Healthcare,South,WH_DAL,131,27.25,22.11,6,6,Internal Fleet,Delivered,Face Masks,Healthcare Supplies,SafeHands,Low,True,0.87,0.03,Net 30,3569.75,2896.41,673.3400000000001,0.18862385321100922,0,On Time,Pass
ORD00032,2026-01-08,P006,Retail,Midwest,WH_CHI,61,48.81,33.47,6,6,UPS,Delivered,Printer Toner,Office Supplies,InkLogic,Low,True,0.88,0.02,Net 60,2977.4100000000003,2041.6699999999998,935.7400000000005,0.31427986068428615,0,On Time,Pass
ORD00033,2026-01-08,P002,Retail,South,WH_DAL,112,49.63,36.34,3,4,Regional Carrier,Delivered,Nitrile Gloves,Healthcare Supplies,SafeHands,Low,True,0.87,0.03,Net 30,5558.56,4070.0800000000004,1488.48,0.2677815837195245,1,Delayed,Pass
ORD00034,2026-01-16,P004,Distribution,Midwest,WH_CHI,91,11.15,8.11,6,8,Internal Fleet,Delivered,Paper Towels,Janitorial,DaxPro,High,True,0.94,0.05,Net 45,1014.65,738.01,276.64,0.2726457399103139,2,Delayed,Review Needed
ORD00035,2026-02-10,P005,Education,South,WH_DAL,55,22.9,15.04,4,4,Regional Carrier,Delivered,Disposable Cups,Food Service,EcoServe,Low,True,0.91,0.06,Net 45,1259.5,827.1999999999999,432.30000000000007,0.343231441048035,0,On Time,Pass
ORD00036,2026-02-10,P002,Government,Midwest,WH_CHI,68,51.59,36.22,2,3,FedEx,Delivered,Nitrile Gloves,Healthcare Supplies,SafeHands,Low,True,0.87,0.03,Net 30,3508.1200000000003,2462.96,1045.1600000000003,0.2979259546423726,1,Delayed,Pass
ORD00037,2026-03-10,P004,Healthcare,West,WH_LAX,80,74.99,59.08,3,3,DHL,Delivered,Paper Towels,Janitorial,DaxPro,High,True,0.94,0.05,Net 45,5999.2,4726.4,1272.8000000000002,0.21216162154953996,0,On Time,Pass
ORD00038,2026-02-06,P003,Distribution,Northeast,WH_NJ,71,57.77,41.31,6,6,FedEx,Delivered,Cleaning Wipes,Janitorial,CleanPro,Medium,True,0.92,0.04,Net 45,4101.67,2933.01,1168.6599999999999,0.2849229703998615,0,On Time,Pass
ORD00039,2026-03-27,P005,Healthcare,Midwest,WH_CHI,74,24.83,19.62,6,6,UPS,Delivered,Disposable Cups,Food Service,EcoServe,Low,True,0.91,0.06,Net 45,1837.4199999999998,1451.88,385.53999999999974,0.2098268223922673,0,On Time,Pass
ORD00040,2026-02-04,P005,Education,South,WH_DAL,94,20.27,14.62,4,4,Internal Fleet,Cancelled,Disposable Cups,Food Service,EcoServe,Low,True,0.91,0.06,Net 45,1905.3799999999999,1374.28,531.0999999999999,0.278737049827331,0,On Time,Pass
ORD00041,2026-03-04,P005,Retail,Midwest,WH_CHI,12,52.57,40.69,2,2,FedEx,Delivered,Disposable Cups,Food Service,EcoServe,Low,True,0.91,0.06,Net 45,630.84,488.28,142.56000000000006,0.22598440175004764,0,On Time,Pass
ORD00042,2026-02-12,P003,Healthcare,West,WH_LAX,82,60.59,42.35,5,5,Internal Fleet,Delivered,Cleaning Wipes,Janitorial,CleanPro,Medium,True,0.92,0.04,Net 45,4968.38,3472.7000000000003,1495.6799999999998,0.3010397755405182,0,On Time,Pass
ORD00043,2026-01-02,P002,Healthcare,Midwest,WH_CHI,73,45.92,35.6,6,6,Internal Fleet,Delivered,Nitrile Gloves,Healthcare Supplies,SafeHands,Low,True,0.87,0.03,Net 30,3352.1600000000003,2598.8,753.3600000000001,0.22473867595818817,0,On Time,Pass
ORD00044,2026-01-19,P007,Retail,South,WH_DAL,90,28.12,22.29,2,7,DHL,Delivered,Trash Bags,Janitorial,CleanPro,Medium,True,0.92,0.04,Net 45,2530.8,2006.1,524.7000000000003,0.2073257467994311,5,Delayed,Pass
ORD00045,2026-01-27,P004,Education,Midwest,WH_CHI,119,63.51,50.09,5,5,Internal Fleet,Delivered,Paper Towels,Janitorial,DaxPro,High,True,0.94,0.05,Net 45,7557.69,5960.71,1596.9799999999996,0.21130530625098404,0,On Time,Pass
ORD00046,2026-01-20,P004,Healthcare,South,WH_DAL,106,71.11,39.59,4,4,Regional Carrier,Delivered,Paper Towels,Janitorial,DaxPro,High,True,0.94,0.05,Net 45,7537.66,4196.54,3341.12,0.443256925889467,0,On Time,Pass
ORD00047,2026-03-27,P004,Healthcare,West,WH_LAX,100,64.05,37.1,2,2,Regional Carrier,Delivered,Paper Towels,Janitorial,DaxPro,High,True,0.94,0.05,Net 45,6405.0,3710.0,2695.0,0.4207650273224044,0,On Time,Pass
ORD00048,2026-01-29,P004,Education,Northeast,WH_NJ,156,27.89,21.33,3,3,UPS,Delivered,Paper Towels,Janitorial,DaxPro,High,True,0.94,0.05,Net 45,4350.84,3327.4799999999996,1023.3600000000006,0.23520975259949817,0,On Time,Pass
ORD00049,2026-01-04,P004,Education,Northeast,WH_NJ,83,25.9,14.73,4,4,DHL,Delivered,Paper Towels,Janitorial,DaxPro,High,True,0.94,0.05,Net 45,2149.7,1222.5900000000001,927.1099999999997,0.43127413127413117,0,On Time,Pass
ORD00050,2026-03-24,P007,Retail,West,WH_LAX,62,13.65,11.08,3,3,Internal Fleet,Delivered,Trash Bags,Janitorial,CleanPro,Medium,True,0.92,0.04,Net 45,846.3000000000001,686.96,159.34000000000003,0.1882783882783883,0,On Time,Pass
ORD00051,2026-02-03,P001,Distribution,Midwest,WH_CHI,42,37.59,28.07,4,4,Regional Carrier,Delivered,Copy Paper,Office Supplies,NorthStar Paper,High,True,0.92,0.06,Net 60,1578.7800000000002,1178.94,399.84000000000015,0.25325884543761645,0,On Time,Pass
ORD00052,2026-03-19,P002,Distribution,Northeast,WH_NJ,96,19.26,10.82,5,8,FedEx,Delivered,Nitrile Gloves,Healthcare Supplies,SafeHands,Low,True,0.87,0.03,Net 30,1848.96,1038.72,810.24,0.43821391484942884,3,Delayed,Pass
ORD00053,2026-03-08,P004,Government,West,WH_LAX,52,10.25,7.48,4,7,Internal Fleet,Delayed,Paper Towels,Janitorial,DaxPro,High,True,0.94,0.05,Net 45,533.0,388.96000000000004,144.03999999999996,0.2702439024390243,3,Delayed,Review Needed
ORD00054,2026-02-10,P002,Distribution,West,WH_LAX,68,28.2,18.62,5,5,DHL,Delivered,Nitrile Gloves,Healthcare Supplies,SafeHands,Low,True,0.87,0.03,Net 30,1917.6,1266.16,651.4399999999998,0.3397163120567375,0,On Time,Pass
ORD00055,2026-03-12,P003,Government,South,WH_DAL,87,54.87,35.8,3,3,Internal Fleet,Delivered,Cleaning Wipes,Janitorial,CleanPro,Medium,True,0.92,0.04,Net 45,4773.69,3114.6,1659.0899999999997,0.3475487515946783,0,On Time,Pass
ORD00056,2026-03-14,P005,Distribution,Northeast,WH_NJ,125,67.53,42.68,3,3,Regional Carrier,Delayed,Disposable Cups,Food Service,EcoServe,Low,True,0.91,0.06,Net 45,8441.25,5335.0,3106.25,0.3679845994372871,0,On Time,Pass
ORD00057,2026-03-16,P006,Government,Northeast,WH_NJ,89,38.16,23.19,5,5,UPS,Delivered,Printer Toner,Office Supplies,InkLogic,Low,True,0.88,0.02,Net 60,3396.24,2063.9100000000003,1332.3299999999995,0.3922955974842766,0,On Time,Pass
ORD00058,2026-03-26,P002,Distribution,West,WH_LAX,107,54.79,39.3,2,3,UPS,Delayed,Nitrile Gloves,Healthcare Supplies,SafeHands,Low,True,0.87,0.03,Net 30,5862.53,4205.099999999999,1657.4300000000003,0.2827158240554846,1,Delayed,Pass
ORD00059,2026-03-28,P005,Healthcare,South,WH_DAL,88,16.05,9.03,5,5,Internal Fleet,Delivered,Disposable Cups,Food Service,EcoServe,Low,True,0.91,0.06,Net 45,1412.4,794.64,617.7600000000001,0.4373831775700935,0,On Time,Pass
ORD00060,2026-01-10,P008,Distribution,Northeast,WH_NJ,92,19.58,14.45,5,5,Regional Carrier,Delayed,Face Masks,Healthcare Supplies,SafeHands,Low,True,0.87,0.03,Net 30,1801.36,1329.3999999999999,471.96000000000004,0.26200204290091933,0,On Time,Pass
ORD00061,2026-02-01,P003,Retail,Midwest,WH_CHI,90,63.38,38.6,6,6,Regional Carrier,Delivered,Cleaning Wipes,Janitorial,CleanPro,Medium,True,0.92,0.04,Net 45,5704.2,3474.0,2230.2,0.39097507100031553,0,On Time,Pass
ORD00062,2026-01-07,P004,Government,Midwest,WH_CHI,54,15.0,10.13,6,6,Internal Fleet,Delivered,Paper Towels,Janitorial,DaxPro,High,True,0.94,0.05,Net 45,810.0,547.0200000000001,262.9799999999999,0.32466666666666655,0,On Time,Pass
ORD00063,2026-03-18,P006,Distribution,Northeast,WH_NJ,38,66.13,52.3,5,5,Internal Fleet,Delivered,Printer Toner,Office Supplies,InkLogic,Low,True,0.88,0.02,Net 60,2512.9399999999996,1987.3999999999999,525.5399999999997,0.20913352487524567,0,On Time,Pass
ORD00064,2026-02-27,P003,Government,Northeast,WH_NJ,102,24.44,15.07,4,4,Internal Fleet,Delivered,Cleaning Wipes,Janitorial,CleanPro,Medium,True,0.92,0.04,Net 45,2492.88,1537.14,955.74,0.3833878887070376,0,On Time,Pass
ORD00065,2026-03-04,P004,Government,West,WH_LAX,113,10.81,6.78,4,4,DHL,Delivered,Paper Towels,Janitorial,DaxPro,High,True,0.94,0.05,Net 45,1221.53,766.14,455.39,0.37280296022201664,0,On Time,Pass
ORD00066,2026-02-10,P002,Healthcare,South,WH_DAL,94,22.34,16.47,3,3,FedEx,Delivered,Nitrile Gloves,Healthcare Supplies,SafeHands,Low,True,0.87,0.03,Net 30,2099.96,1548.1799999999998,551.7800000000002,0.2627573858549688,0,On Time,Pass
ORD00067,2026-02-23,P007,Distribution,West,WH_LAX,48,39.94,22.64,5,10,Regional Carrier,Delivered,Trash Bags,Janitorial,CleanPro,Medium,True,0.92,0.04,Net 45,1917.12,1086.72,830.3999999999999,0.4331497245868803,5,Delayed,Pass
ORD00068,2026-03-16,P001,Government,Northeast,WH_NJ,51,5.44,3.51,5,7,Regional Carrier,Delivered,Copy Paper,Office Supplies,NorthStar Paper,High,True,0.92,0.06,Net 60,277.44,179.01,98.43,0.3547794117647059,2,Delayed,Review Needed
ORD00069,2026-03-10,P004,Healthcare,Northeast,WH_NJ,80,25.47,17.35,5,5,DHL,Delivered,Paper Towels,Janitorial,DaxPro,High,True,0.94,0.05,Net 45,2037.6,1388.0,649.5999999999999,0.31880643894778166,0,On Time,Pass
ORD00070,2026-03-27,P007,Government,South,WH_DAL,130,73.97,60.27,6,6,FedEx,Delivered,Trash Bags,Janitorial,CleanPro,Medium,True,0.92,0.04,Net 45,9616.1,7835.1,1781.0,0.18521022035960524,0,On Time,Pass
ORD00071,2026-02-20,P001,Government,Midwest,WH_CHI,42,15.18,10.24,2,5,DHL,Delayed,Copy Paper,Office Supplies,NorthStar Paper,High,True,0.92,0.06,Net 60,637.56,430.08,207.47999999999996,0.32542819499341236,3,Delayed,Review Needed
ORD00072,2026-02-18,P006,Government,South,WH_DAL,96,29.51,22.3,5,7,DHL,Delivered,Printer Toner,Office Supplies,InkLogic,Low,True,0.88,0.02,Net 60,2832.96,2140.8,692.1599999999999,0.2443239579803456,2,Delayed,Pass
ORD00073,2026-02-23,P005,Government,Midwest,WH_CHI,96,6.45,4.49,4,7,UPS,Delivered,Disposable Cups,Food Service,EcoServe,Low,True,0.91,0.06,Net 45,619.2,431.04,188.16000000000003,0.30387596899224806,3,Delayed,Pass
ORD00074,2026-03-25,P002,Retail,Midwest,WH_CHI,77,76.22,46.02,2,2,Internal Fleet,Delivered,Nitrile Gloves,Healthcare Supplies,SafeHands,Low,True,0.87,0.03,Net 30,5868.94,3543.5400000000004,2325.399999999999,0.3962214641826291,0,On Time,Pass
ORD00075,2026-01-20,P004,Government,South,WH_DAL,64,55.21,38.77,3,3,Regional Carrier,Delivered,Paper Towels,Janitorial,DaxPro,High,True,0.94,0.05,Net 45,3533.44,2481.28,1052.1599999999999,0.29777214272776664,0,On Time,Pass
ORD00076,2026-03-31,P005,Healthcare,West,WH_LAX,109,50.44,40.87,2,5,UPS,Delivered,Disposable Cups,Food Service,EcoServe,Low,True,0.91,0.06,Net 45,5497.96,4454.83,1043.13,0.18973037272006346,3,Delayed,Pass
ORD00077,2026-02-09,P002,Education,Midwest,WH_CHI,49,48.18,38.31,5,5,Regional Carrier,Cancelled,Nitrile Gloves,Healthcare Supplies,SafeHands,Low,True,0.87,0.03,Net 30,2360.82,1877.19,483.6300000000001,0.2048567870485679,0,On Time,Pass
ORD00078,2026-01-26,P002,Retail,South,WH_DAL,85,57.29,36.17,6,6,FedEx,Delivered,Nitrile Gloves,Healthcare Supplies,SafeHands,Low,True,0.87,0.03,Net 30,4869.65,3074.4500000000003,1795.1999999999994,0.36865072438470925,0,On Time,Pass
ORD00079,2026-03-14,P001,Distribution,West,WH_LAX,92,37.13,24.14,6,6,DHL,Delivered,Copy Paper,Office Supplies,NorthStar Paper,High,True,0.92,0.06,Net 60,3415.96,2220.88,1195.08,0.3498518718017775,0,On Time,Pass
ORD00080,2026-01-02,P007,Retail,Northeast,WH_NJ,99,37.51,24.3,5,5,UPS,Delivered,Trash Bags,Janitorial,CleanPro,Medium,True,0.92,0.04,Net 45,3713.49,2405.7000000000003,1307.7899999999995,0.3521727539322846,0,On Time,Pass
ORD00081,2026-02-25,P003,Distribution,West,WH_LAX,98,65.61,45.62,5,7,Regional Carrier,Delayed,Cleaning Wipes,Janitorial,CleanPro,Medium,True,0.92,0.04,Net 45,6429.78,4470.759999999999,1959.0200000000004,0.3046791647614694,2,Delayed,Pass
ORD00082,2026-02-25,P005,Healthcare,West,WH_LAX,97,67.3,38.59,5,5,UPS,Delivered,Disposable Cups,Food Service,EcoServe,Low,True,0.91,0.06,Net 45,6528.099999999999,3743.2300000000005,2784.869999999999,0.426597325408618,0,On Time,Pass
ORD00083,2026-03-01,P007,Retail,West,WH_LAX,99,42.07,26.83,5,5,UPS,Delivered,Trash Bags,Janitorial,CleanPro,Medium,True,0.92,0.04,Net 45,4164.93,2656.1699999999996,1508.7600000000007,0.36225338721179,0,On Time,Pass
ORD00084,2026-02-15,P005,Education,West,WH_LAX,119,71.02,52.51,4,6,Internal Fleet,Delivered,Disposable Cups,Food Service,EcoServe,Low,True,0.91,0.06,Net 45,8451.38,6248.69,2202.6899999999996,0.26063080822303575,2,Delayed,Pass
ORD00085,2026-01-02,P004,Healthcare,Midwest,WH_CHI,52,59.01,40.24,3,3,Regional Carrier,Delivered,Paper Towels,Janitorial,DaxPro,High,True,0.94,0.05,Net 45,3068.52,2092.48,976.04,0.31808168107100493,0,On Time,Pass
ORD00086,2026-03-24,P008,Retail,Northeast,WH_NJ,71,11.98,7.31,3,3,DHL,Delivered,Face Masks,Healthcare Supplies,SafeHands,Low,True,0.87,0.03,Net 30,850.58,519.01,331.57000000000005,0.3898163606010017,0,On Time,Pass
ORD00087,2026-03-26,P006,Distribution,Northeast,WH_NJ,104,44.82,29.8,6,6,DHL,Delivered,Printer Toner,Office Supplies,InkLogic,Low,True,0.88,0.02,Net 60,4661.28,3099.2000000000003,1562.0799999999995,0.3351182507809013,0,On Time,Pass
ORD00088,2026-02-15,P008,Education,West,WH_LAX,23,23.86,13.9,3,4,DHL,Delivered,Face Masks,Healthcare Supplies,SafeHands,Low,True,0.87,0.03,Net 30,548.78,319.7,229.07999999999998,0.41743503772003354,1,Delayed,Pass
ORD00089,2026-01-16,P003,Healthcare,South,WH_DAL,82,60.4,37.73,6,7,Internal Fleet,Delivered,Cleaning Wipes,Janitorial,CleanPro,Medium,True,0.92,0.04,Net 45,4952.8,3093.8599999999997,1858.9400000000005,0.37533112582781464,1,Delayed,Pass
ORD00090,2026-03-18,P005,Healthcare,Midwest,WH_CHI,42,27.22,17.62,4,4,FedEx,Delivered,Disposable Cups,Food Service,EcoServe,Low,True,0.91,0.06,Net 45,1143.24,740.0400000000001,403.19999999999993,0.3526818515797207,0,On Time,Pass
ORD00091,2026-03-10,P003,Retail,West,WH_LAX,81,78.07,54.6,3,3,Regional Carrier,Delivered,Cleaning Wipes,Janitorial,CleanPro,Medium,True,0.92,0.04,Net 45,6323.669999999999,4422.6,1901.0699999999988,0.3006276418598692,0,On Time,Pass
ORD00092,2026-01-14,P001,Government,West,WH_LAX,57,40.9,26.26,2,2,DHL,Cancelled,Copy Paper,Office Supplies,NorthStar Paper,High,True,0.92,0.06,Net 60,2331.2999999999997,1496.8200000000002,834.4799999999996,0.3579462102689485,0,On Time,Pass
ORD00093,2026-03-03,P002,Government,Midwest,WH_CHI,9,41.88,29.56,2,3,UPS,Delivered,Nitrile Gloves,Healthcare Supplies,SafeHands,Low,True,0.87,0.03,Net 30,376.92,266.03999999999996,110.88000000000005,0.29417382999044905,1,Delayed,Pass
ORD00094,2026-01-20,P005,Healthcare,Midwest,WH_CHI,86,13.88,10.5,6,6,Internal Fleet,Delivered,Disposable Cups,Food Service,EcoServe,Low,True,0.91,0.06,Net 45,1193.68,903.0,290.68000000000006,0.24351585014409227,0,On Time,Pass
ORD00095,2026-03-21,P004,Government,Northeast,WH_NJ,97,73.14,46.1,6,6,Regional Carrier,Delivered,Paper Towels,Janitorial,DaxPro,High,True,0.94,0.05,Net 45,7094.58,4471.7,2622.88,0.3697019414820892,0,On Time,Pass
ORD00096,2026-02-09,P001,Healthcare,Midwest,WH_CHI,110,51.91,32.26,2,2,UPS,Delivered,Copy Paper,Office Supplies,NorthStar Paper,High,True,0.92,0.06,Net 60,5710.099999999999,3548.6,2161.4999999999995,0.378539780389135,0,On Time,Pass
ORD00097,2026-01-31,P003,Healthcare,Midwest,WH_CHI,141,5.2,3.49,6,6,Regional Carrier,Delivered,Cleaning Wipes,Janitorial,CleanPro,Medium,True,0.92,0.04,Net 45,733.2,492.09000000000003,241.11,0.32884615384615384,0,On Time,Pass
ORD00098,2026-02-07,P001,Education,South,WH_DAL,94,58.02,42.92,5,8,FedEx,Delivered,Copy Paper,Office Supplies,NorthStar Paper,High,True,0.92,0.06,Net 60,5453.88,4034.48,1419.4,0.2602550844536367,3,Delayed,Review Needed
ORD00099,2026-03-29,P004,Distribution,West,WH_LAX,154,54.59,43.79,5,5,FedEx,Delivered,Paper Towels,Janitorial,DaxPro,High,True,0.94,0.05,Net 45,8406.86,6743.66,1663.2000000000007,0.19783843194724315,0,On Time,Pass
ORD00100,2026-03-11,P004,Education,South,WH_DAL,116,67.0,38.14,3,3,DHL,Delivered,Paper Towels,Janitorial,DaxPro,High,True,0.94,0.05,Net 45,7772.0,4424.24,3347.76,0.43074626865671645,0,On Time,Pass
ORD00101,2026-03-18,P005,Retail,Northeast,WH_NJ,95,40.15,25.38,5,5,DHL,Delivered,Disposable Cups,Food Service,EcoServe,Low,True,0.91,0.06,Net 45,3814.25,2411.1,1403.15,0.3678704856787049,0,On Time,Pass
ORD00102,2026-03-06,P008,Retail,Northeast,WH_NJ,107,49.85,39.39,4,4,Internal Fleet,Delivered,Face Masks,Healthcare Supplies,SafeHands,Low,True,0.87,0.03,Net 30,5333.95,4214.7300000000005,1119.2199999999993,0.20982948846539606,0,On Time,Pass
ORD00103,2026-02-02,P001,Healthcare,Midwest,WH_CHI,71,77.14,59.84,6,6,Internal Fleet,Delivered,Copy Paper,Office Supplies,NorthStar Paper,High,True,0.92,0.06,Net 60,5476.94,4248.64,1228.2999999999993,0.22426756546538748,0,On Time,Pass
ORD00104,2026-01-03,P005,Healthcare,Midwest,WH_CHI,36,40.29,29.25,4,4,UPS,Delivered,Disposable Cups,Food Service,EcoServe,Low,True,0.91,0.06,Net 45,1450.44,1053.0,397.44000000000005,0.2740134028294863,0,On Time,Pass
ORD00105,2026-03-16,P007,Retail,Northeast,WH_NJ,130,40.25,26.58,4,4,FedEx,Delivered,Trash Bags,Janitorial,CleanPro,Medium,True,0.92,0.04,Net 45,5232.5,3455.3999999999996,1777.1000000000004,0.3396273291925467,0,On Time,Pass
ORD00106,2026-01-21,P006,Government,Northeast,WH_NJ,29,26.62,21.43,6,6,FedEx,Delivered,Printer Toner,Office Supplies,InkLogic,Low,True,0.88,0.02,Net 60,771.98,621.47,150.51,0.1949661908339594,0,On Time,Pass
ORD00107,2026-02-28,P002,Education,West,WH_LAX,86,29.25,23.75,5,5,Internal Fleet,Delivered,Nitrile Gloves,Healthcare Supplies,SafeHands,Low,True,0.87,0.03,Net 30,2515.5,2042.5,473.0,0.18803418803418803,0,On Time,Pass
ORD00108,2026-01-01,P008,Retail,Northeast,WH_NJ,58,19.07,12.35,5,8,Regional Carrier,Delivered,Face Masks,Healthcare Supplies,SafeHands,Low,True,0.87,0.03,Net 30,1106.06,716.3,389.76,0.35238594651284744,3,Delayed,Pass
ORD00109,2026-01-07,P004,Distribution,West,WH_LAX,135,14.83,9.31,5,5,FedEx,Delivered,Paper Towels,Janitorial,DaxPro,High,True,0.94,0.05,Net 45,2002.05,1256.8500000000001,745.1999999999998,0.37221847606203634,0,On Time,Pass
ORD00110,2026-01-04,P004,Education,South,WH_DAL,36,46.31,32.38,2,5,UPS,Delivered,Paper Towels,Janitorial,DaxPro,High,True,0.94,0.05,Net 45,1667.16,1165.68,501.48,0.30079896350680196,3,Delayed,Review Needed
ORD00111,2026-01-15,P008,Healthcare,Midwest,WH_CHI,89,42.38,31.51,6,6,DHL,Delivered,Face Masks,Healthcare Supplies,SafeHands,Low,True,0.87,0.03,Net 30,3771.82,2804.3900000000003,967.4299999999998,0.25648890986314293,0,On Time,Pass
ORD00112,2026-02-23,P008,Healthcare,Northeast,WH_NJ,58,39.26,23.13,3,5,Internal Fleet,Delivered,Face Masks,Healthcare Supplies,SafeHands,Low,True,0.87,0.03,Net 30,2277.08,1341.54,935.54,0.4108507386653082,2,Delayed,Pass
ORD00113,2026-03-07,P003,Education,Midwest,WH_CHI,59,62.95,49.14,4,4,Internal Fleet,Delivered,Cleaning Wipes,Janitorial,CleanPro,Medium,True,0.92,0.04,Net 45,3714.05,2899.26,814.79,0.21938046068308178,0,On Time,Pass
ORD00114,2026-02-04,P001,Education,West,WH_LAX,109,67.81,47.91,5,5,UPS,Delayed,Copy Paper,Office Supplies,NorthStar Paper,High,True,0.92,0.06,Net 60,7391.29,5222.19,2169.1000000000004,0.2934670402595488,0,On Time,Pass
ORD00115,2026-02-27,P008,Education,West,WH_LAX,108,46.39,32.32,5,5,DHL,Delivered,Face Masks,Healthcare Supplies,SafeHands,Low,True,0.87,0.03,Net 30,5010.12,3490.56,1519.56,0.30329812459581806,0,On Time,Pass
ORD00116,2026-01-25,P004,Healthcare,Northeast,WH_NJ,102,69.2,45.73,4,5,Regional Carrier,Delivered,Paper Towels,Janitorial,DaxPro,High,True,0.94,0.05,Net 45,7058.400000000001,4664.46,2393.9400000000005,0.33916184971098273,1,Delayed,Review Needed
ORD00117,2026-02-18,P007,Government,South,WH_DAL,79,77.36,45.18,6,6,DHL,Delivered,Trash Bags,Janitorial,CleanPro,Medium,True,0.92,0.04,Net 45,6111.44,3569.22,2542.22,0.4159772492244054,0,On Time,Pass
ORD00118,2026-01-13,P008,Distribution,Midwest,WH_CHI,84,73.28,40.61,3,3,Regional Carrier,Delayed,Face Masks,Healthcare Supplies,SafeHands,Low,True,0.87,0.03,Net 30,6155.52,3411.24,2744.2800000000007,0.44582423580786035,0,On Time,Pass
ORD00119,2026-03-25,P003,Government,Midwest,WH_CHI,72,63.61,39.54,6,7,Regional Carrier,Delivered,Cleaning Wipes,Janitorial,CleanPro,Medium,True,0.92,0.04,Net 45,4579.92,2846.88,1733.04,0.3783996227008332,1,Delayed,Pass
ORD00120,2026-03-25,P002,Distribution,West,WH_LAX,118,33.5,21.29,5,5,Internal Fleet,Delayed,Nitrile Gloves,Healthcare Supplies,SafeHands,Low,True,0.87,0.03,Net 30,3953.0,2512.22,1440.7800000000002,0.36447761194029854,0,On Time,Pass
ORD00121,2026-01-05,P002,Education,South,WH_DAL,125,79.81,59.99,5,5,FedEx,Delayed,Nitrile Gloves,Healthcare Supplies,SafeHands,Low,True,0.87,0.03,Net 30,9976.25,7498.75,2477.5,0.2483398070417241,0,On Time,Pass
ORD00122,2026-03-23,P002,Healthcare,Northeast,WH_NJ,80,57.05,45.29,2,2,DHL,Delivered,Nitrile Gloves,Healthcare Supplies,SafeHands,Low,True,0.87,0.03,Net 30,4564.0,3623.2,940.8000000000002,0.2061349693251534,0,On Time,Pass
ORD00123,2026-01-08,P005,Education,West,WH_LAX,91,37.3,22.97,5,8,Internal Fleet,Delivered,Disposable Cups,Food Service,EcoServe,Low,True,0.91,0.06,Net 45,3394.2999999999997,2090.27,1304.0299999999997,0.38418230563002675,3,Delayed,Pass
ORD00124,2026-03-29,P003,Healthcare,South,WH_DAL,75,10.92,8.57,6,6,UPS,Delivered,Cleaning Wipes,Janitorial,CleanPro,Medium,True,0.92,0.04,Net 45,819.0,642.75,176.25,0.21520146520146521,0,On Time,Pass
ORD00125,2026-03-05,P003,Government,South,WH_DAL,44,52.84,35.62,2,2,Regional Carrier,Delivered,Cleaning Wipes,Janitorial,CleanPro,Medium,True,0.92,0.04,Net 45,2324.96,1567.28,757.6800000000001,0.325889477668433,0,On Time,Pass
ORD00126,2026-02-06,P003,Government,Midwest,WH_CHI,37,75.89,61.98,4,5,Regional Carrier,Delivered,Cleaning Wipes,Janitorial,CleanPro,Medium,True,0.92,0.04,Net 45,2807.93,2293.2599999999998,514.6700000000001,0.18329160627223617,1,Delayed,Pass
ORD00127,2026-03-30,P005,Education,Northeast,WH_NJ,79,19.94,13.04,5,5,FedEx,Delivered,Disposable Cups,Food Service,EcoServe,Low,True,0.91,0.06,Net 45,1575.26,1030.1599999999999,545.1000000000001,0.34603811434302917,0,On Time,Pass
ORD00128,2026-01-31,P007,Distribution,West,WH_LAX,48,27.19,20.09,2,2,Regional Carrier,Delayed,Trash Bags,Janitorial,CleanPro,Medium,True,0.92,0.04,Net 45,1305.1200000000001,964.3199999999999,340.8000000000002,0.2611254137550571,0,On Time,Pass
ORD00129,2026-02-05,P001,Distribution,Midwest,WH_CHI,51,60.89,47.18,4,4,UPS,Delivered,Copy Paper,Office Supplies,NorthStar Paper,High,True,0.92,0.06,Net 60,3105.39,2406.18,699.21,0.22516012481524061,0,On Time,Pass
ORD00130,2026-03-19,P006,Healthcare,South,WH_DAL,68,51.57,37.8,3,3,FedEx,Delivered,Printer Toner,Office Supplies,InkLogic,Low,True,0.88,0.02,Net 60,3506.76,2570.3999999999996,936.3600000000006,0.2670157068062829,0,On Time,Pass
ORD00131,2026-03-22,P001,Government,West,WH_LAX,88,7.5,4.86,3,3,FedEx,Delivered,Copy Paper,Office Supplies,NorthStar Paper,High,True,0.92,0.06,Net 60,660.0,427.68,232.32,0.352,0,On Time,Pass
ORD00132,2026-02-07,P006,Healthcare,Northeast,WH_NJ,62,20.06,15.29,4,4,Internal Fleet,Delivered,Printer Toner,Office Supplies,InkLogic,Low,True,0.88,0.02,Net 60,1243.72,947.9799999999999,295.7400000000001,0.2377866400797608,0,On Time,Pass
ORD00133,2026-03-06,P005,Education,South,WH_DAL,29,73.55,59.2,4,5,DHL,Delayed,Disposable Cups,Food Service,EcoServe,Low,True,0.91,0.06,Net 45,2132.95,1716.8000000000002,416.14999999999964,0.1951053704962609,1,Delayed,Pass
ORD00134,2026-01-15,P008,Healthcare,Midwest,WH_CHI,30,61.56,37.61,5,10,Internal Fleet,Delivered,Face Masks,Healthcare Supplies,SafeHands,Low,True,0.87,0.03,Net 30,1846.8000000000002,1128.3,718.5000000000002,0.3890513320337883,5,Delayed,Pass
ORD00135,2026-02-16,P002,Retail,Northeast,WH_NJ,54,24.83,14.49,4,5,DHL,Delivered,Nitrile Gloves,Healthcare Supplies,SafeHands,Low,True,0.87,0.03,Net 30,1340.82,782.46,558.3599999999999,0.4164317358034635,1,Delayed,Pass
ORD00136,2026-03-16,P007,Retail,West,WH_LAX,72,55.61,37.66,6,6,Internal Fleet,Delayed,Trash Bags,Janitorial,CleanPro,Medium,True,0.92,0.04,Net 45,4003.92,2711.5199999999995,1292.4000000000005,0.3227836720014387,0,On Time,Pass
ORD00137,2026-02-11,P004,Government,Midwest,WH_CHI,79,73.2,46.23,5,5,FedEx,Delivered,Paper Towels,Janitorial,DaxPro,High,True,0.94,0.05,Net 45,5782.8,3652.1699999999996,2130.6300000000006,0.36844262295081975,0,On Time,Pass
ORD00138,2026-01-18,P001,Education,Midwest,WH_CHI,44,79.69,46.33,3,3,Internal Fleet,Delivered,Copy Paper,Office Supplies,NorthStar Paper,High,True,0.92,0.06,Net 60,3506.3599999999997,2038.52,1467.8399999999997,0.41862216087338433,0,On Time,Pass
ORD00139,2026-01-18,P007,Education,Northeast,WH_NJ,91,55.29,41.5,6,7,Regional Carrier,Delivered,Trash Bags,Janitorial,CleanPro,Medium,True,0.92,0.04,Net 45,5031.39,3776.5,1254.8900000000003,0.24941219026948822,1,Delayed,Pass
ORD00140,2026-03-17,P003,Retail,Northeast,WH_NJ,51,67.53,48.37,4,7,FedEx,Delivered,Cleaning Wipes,Janitorial,CleanPro,Medium,True,0.92,0.04,Net 45,3444.03,2466.87,977.1600000000003,0.283725751517844,3,Delayed,Pass
ORD00141,2026-03-30,P006,Government,South,WH_DAL,104,38.35,23.54,4,4,FedEx,Delayed,Printer Toner,Office Supplies,InkLogic,Low,True,0.88,0.02,Net 60,3988.4,2448.16,1540.2400000000002,0.38617992177314214,0,On Time,Pass
ORD00142,2026-03-29,P006,Retail,West,WH_LAX,65,34.86,20.96,2,2,Regional Carrier,Delayed,Printer Toner,Office Supplies,InkLogic,Low,True,0.88,0.02,Net 60,2265.9,1362.4,903.5,0.3987378083763626,0,On Time,Pass
ORD00143,2026-01-12,P004,Retail,Midwest,WH_CHI,87,64.01,39.42,3,3,Internal Fleet,Delivered,Paper Towels,Janitorial,DaxPro,High,True,0.94,0.05,Net 45,5568.870000000001,3429.54,2139.330000000001,0.3841587251991877,0,On Time,Pass
ORD00144,2026-01-27,P002,Distribution,South,WH_DAL,80,21.2,16.64,4,7,UPS,Delivered,Nitrile Gloves,Healthcare Supplies,SafeHands,Low,True,0.87,0.03,Net 30,1696.0,1331.2,364.79999999999995,0.2150943396226415,3,Delayed,Pass
ORD00145,2026-03-18,P001,Healthcare,West,WH_LAX,130,79.06,55.01,3,3,FedEx,Delivered,Copy Paper,Office Supplies,NorthStar Paper,High,True,0.92,0.06,Net 60,10277.800000000001,7151.3,3126.500000000001,0.30419934227169243,0,On Time,Pass
ORD00146,2026-03-26,P001,Retail,South,WH_DAL,113,31.87,24.31,6,6,DHL,Delayed,Copy Paper,Office Supplies,NorthStar Paper,High,True,0.92,0.06,Net 60,3601.31,2747.0299999999997,854.2800000000002,0.23721368057734551,0,On Time,Pass
ORD00147,2026-01-03,P003,Retail,West,WH_LAX,156,14.51,9.63,2,2,FedEx,Delivered,Cleaning Wipes,Janitorial,CleanPro,Medium,True,0.92,0.04,Net 45,2263.56,1502.2800000000002,761.2799999999997,0.33631977946243957,0,On Time,Pass
ORD00148,2026-03-02,P008,Distribution,West,WH_LAX,51,49.52,33.28,3,3,Internal Fleet,Delivered,Face Masks,Healthcare Supplies,SafeHands,Low,True,0.87,0.03,Net 30,2525.52,1697.28,828.24,0.32794830371567046,0,On Time,Pass
ORD00149,2026-01-06,P005,Retail,Northeast,WH_NJ,53,9.56,6.49,5,5,Regional Carrier,Cancelled,Disposable Cups,Food Service,EcoServe,Low,True,0.91,0.06,Net 45,506.68,343.97,162.70999999999998,0.3211297071129707,0,On Time,Pass
ORD00150,2026-03-29,P002,Government,Northeast,WH_NJ,85,10.51,6.01,6,6,UPS,Delivered,Nitrile Gloves,Healthcare Supplies,SafeHands,Low,True,0.87,0.03,Net 30,893.35,510.84999999999997,382.50000000000006,0.428163653663178,0,On Time,Pass
ORD00151,2026-01-09,P003,Distribution,West,WH_LAX,113,52.48,36.63,4,4,Regional Carrier,Delivered,Cleaning Wipes,Janitorial,CleanPro,Medium,True,0.92,0.04,Net 45,5930.24,4139.1900000000005,1791.0499999999993,0.3020198170731706,0,On Time,Pass
ORD00152,2026-03-18,P005,Distribution,Northeast,WH_NJ,59,50.41,29.08,2,4,Internal Fleet,Delivered,Disposable Cups,Food Service,EcoServe,Low,True,0.91,0.06,Net 45,2974.1899999999996,1715.7199999999998,1258.4699999999998,0.4231303312834755,2,Delayed,Pass
ORD00153,2026-01-28,P007,Healthcare,Northeast,WH_NJ,33,36.04,27.87,5,8,Regional Carrier,Delivered,Trash Bags,Janitorial,CleanPro,Medium,True,0.92,0.04,Net 45,1189.32,919.71,269.6099999999999,0.22669256381797995,3,Delayed,Pass
ORD00154,2026-01-13,P006,Education,Northeast,WH_NJ,144,54.88,35.73,3,3,Regional Carrier,Delivered,Printer Toner,Office Supplies,InkLogic,Low,True,0.88,0.02,Net 60,7902.72,5145.12,2757.6000000000004,0.34894314868804666,0,On Time,Pass
ORD00155,2026-01-09,P002,Retail,Midwest,WH_CHI,121,37.39,28.08,4,9,UPS,Delivered,Nitrile Gloves,Healthcare Supplies,SafeHands,Low,True,0.87,0.03,Net 30,4524.1900000000005,3397.68,1126.5100000000007,0.2489970580369084,5,Delayed,Pass
ORD00156,2026-03-13,P001,Retail,West,WH_LAX,63,35.81,28.14,5,5,FedEx,Delivered,Copy Paper,Office Supplies,NorthStar Paper,High,True,0.92,0.06,Net 60,2256.03,1772.82,483.21000000000026,0.2141859815693941,0,On Time,Pass
ORD00157,2026-02-06,P005,Retail,West,WH_LAX,75,48.34,29.36,5,5,UPS,Delivered,Disposable Cups,Food Service,EcoServe,Low,True,0.91,0.06,Net 45,3625.5000000000005,2202.0,1423.5000000000005,0.3926354985519239,0,On Time,Pass
ORD00158,2026-01-14,P006,Retail,West,WH_LAX,123,62.2,43.85,5,5,Internal Fleet,Delivered,Printer Toner,Office Supplies,InkLogic,Low,True,0.88,0.02,Net 60,7650.6,5393.55,2257.05,0.295016077170418,0,On Time,Pass
ORD00159,2026-03-21,P001,Retail,West,WH_LAX,80,18.53,13.71,4,5,DHL,Delayed,Copy Paper,Office Supplies,NorthStar Paper,High,True,0.92,0.06,Net 60,1482.4,1096.8000000000002,385.5999999999999,0.26011872638963834,1,Delayed,Review Needed
ORD00160,2026-02-14,P001,Healthcare,South,WH_DAL,81,47.47,31.25,3,5,FedEx,Delivered,Copy Paper,Office Supplies,NorthStar Paper,High,True,0.92,0.06,Net 60,3845.0699999999997,2531.25,1313.8199999999997,0.3416894880977459,2,Delayed,Review Needed
ORD00161,2026-01-12,P004,Government,Northeast,WH_NJ,42,39.02,23.12,4,7,DHL,Delivered,Paper Towels,Janitorial,DaxPro,High,True,0.94,0.05,Net 45,1638.8400000000001,971.0400000000001,667.8000000000001,0.407483341875961,3,Delayed,Review Needed
ORD00162,2026-03-14,P002,Healthcare,Midwest,WH_CHI,75,16.81,12.05,2,2,DHL,Delivered,Nitrile Gloves,Healthcare Supplies,SafeHands,Low,True,0.87,0.03,Net 30,1260.75,903.75,357.0,0.28316478286734087,0,On Time,Pass
ORD00163,2026-02-26,P007,Distribution,Northeast,WH_NJ,26,38.15,23.8,6,6,FedEx,Delivered,Trash Bags,Janitorial,CleanPro,Medium,True,0.92,0.04,Net 45,991.9,618.8000000000001,373.0999999999999,0.3761467889908256,0,On Time,Pass
ORD00164,2026-02-14,P007,Education,Midwest,WH_CHI,124,55.87,39.68,6,6,DHL,Delivered,Trash Bags,Janitorial,CleanPro,Medium,True,0.92,0.04,Net 45,6927.88,4920.32,2007.5600000000004,0.28977984607123686,0,On Time,Pass
ORD00165,2026-01-06,P004,Distribution,Northeast,WH_NJ,121,9.11,5.51,3,3,UPS,Delivered,Paper Towels,Janitorial,DaxPro,High,True,0.94,0.05,Net 45,1102.31,666.7099999999999,435.6,0.39517014270032935,0,On Time,Pass
ORD00166,2026-02-02,P005,Retail,West,WH_LAX,82,5.58,4.19,3,5,UPS,Delivered,Disposable Cups,Food Service,EcoServe,Low,True,0.91,0.06,Net 45,457.56,343.58000000000004,113.97999999999996,0.24910394265232966,2,Delayed,Pass
ORD00167,2026-02-18,P004,Retail,West,WH_LAX,102,34.78,26.1,5,5,FedEx,Delivered,Paper Towels,Janitorial,DaxPro,High,True,0.94,0.05,Net 45,3547.56,2662.2000000000003,885.3599999999997,0.24956871765382393,0,On Time,Pass
ORD00168,2026-02-28,P002,Distribution,West,WH_LAX,127,37.2,24.52,5,5,DHL,Delivered,Nitrile Gloves,Healthcare Supplies,SafeHands,Low,True,0.87,0.03,Net 30,4724.400000000001,3114.04,1610.3600000000006,0.3408602150537635,0,On Time,Pass
ORD00169,2026-01-15,P007,Education,Midwest,WH_CHI,117,17.89,14.42,5,5,DHL,Delivered,Trash Bags,Janitorial,CleanPro,Medium,True,0.92,0.04,Net 45,2093.13,1687.14,405.99,0.19396310788149804,0,On Time,Pass
ORD00170,2026-01-12,P007,Healthcare,Midwest,WH_CHI,18,37.68,24.8,2,4,Regional Carrier,Delivered,Trash Bags,Janitorial,CleanPro,Medium,True,0.92,0.04,Net 45,678.24,446.40000000000003,231.83999999999997,0.34182590233545646,2,Delayed,Pass
ORD00171,2026-02-09,P006,Education,South,WH_DAL,132,63.43,36.19,2,2,Internal Fleet,Delivered,Printer Toner,Office Supplies,InkLogic,Low,True,0.88,0.02,Net 60,8372.76,4777.08,3595.6800000000003,0.4294497871669557,0,On Time,Pass
ORD00172,2026-03-07,P004,Education,West,WH_LAX,82,59.55,45.92,3,5,UPS,Delayed,Paper Towels,Janitorial,DaxPro,High,True,0.94,0.05,Net 45,4883.099999999999,3765.44,1117.6599999999994,0.2288832913518051,2,Delayed,Review Needed
ORD00173,2026-01-14,P003,Healthcare,West,WH_LAX,20,18.01,10.65,2,2,UPS,Cancelled,Cleaning Wipes,Janitorial,CleanPro,Medium,True,0.92,0.04,Net 45,360.20000000000005,213.0,147.20000000000005,0.4086618545252638,0,On Time,Pass
ORD00174,2026-03-22,P008,Distribution,Northeast,WH_NJ,78,61.99,41.61,6,6,Internal Fleet,Delivered,Face Masks,Healthcare Supplies,SafeHands,Low,True,0.87,0.03,Net 30,4835.22,3245.58,1589.6400000000003,0.328762703661881,0,On Time,Pass
ORD00175,2026-02-11,P006,Government,South,WH_DAL,34,10.12,6.77,4,4,DHL,Delivered,Printer Toner,Office Supplies,InkLogic,Low,True,0.88,0.02,Net 60,344.08,230.17999999999998,113.9,0.33102766798418976,0,On Time,Pass
ORD00176,2026-03-17,P001,Distribution,West,WH_LAX,103,10.56,7.12,2,2,FedEx,Delivered,Copy Paper,Office Supplies,NorthStar Paper,High,True,0.92,0.06,Net 60,1087.68,733.36,354.32000000000005,0.3257575757575758,0,On Time,Pass
ORD00177,2026-02-17,P005,Retail,Midwest,WH_CHI,92,51.13,35.12,5,5,Internal Fleet,Delivered,Disposable Cups,Food Service,EcoServe,Low,True,0.91,0.06,Net 45,4703.96,3231.04,1472.92,0.3131234109133581,0,On Time,Pass
ORD00178,2026-03-12,P001,Distribution,Northeast,WH_NJ,47,53.89,34.32,5,7,Internal Fleet,Delivered,Copy Paper,Office Supplies,NorthStar Paper,High,True,0.92,0.06,Net 60,2532.83,1613.04,919.79,0.36314715160512157,2,Delayed,Review Needed
ORD00179,2026-01-20,P001,Retail,Northeast,WH_NJ,45,65.82,51.08,2,2,Internal Fleet,Delivered,Copy Paper,Office Supplies,NorthStar Paper,High,True,0.92,0.06,Net 60,2961.8999999999996,2298.6,663.2999999999997,0.22394408994226672,0,On Time,Pass
ORD00180,2026-03-24,P003,Healthcare,Midwest,WH_CHI,97,58.07,47.48,6,6,Internal Fleet,Delivered,Cleaning Wipes,Janitorial,CleanPro,Medium,True,0.92,0.04,Net 45,5632.79,4605.5599999999995,1027.2300000000005,0.1823661098674015,0,On Time,Pass
ORD00181,2026-03-20,P003,Education,West,WH_LAX,76,73.85,48.34,4,4,Internal Fleet,Delivered,Cleaning Wipes,Janitorial,CleanPro,Medium,True,0.92,0.04,Net 45,5612.599999999999,3673.84,1938.7599999999993,0.3454299255247122,0,On Time,Pass
ORD00182,2026-01-07,P006,Education,Midwest,WH_CHI,43,12.09,8.86,4,4,DHL,Delivered,Printer Toner,Office Supplies,InkLogic,Low,True,0.88,0.02,Net 60,519.87,380.97999999999996,138.89000000000004,0.2671629445822995,0,On Time,Pass
ORD00183,2026-03-26,P003,Retail,West,WH_LAX,55,48.71,28.65,4,6,DHL,Delayed,Cleaning Wipes,Janitorial,CleanPro,Medium,True,0.92,0.04,Net 45,2679.05,1575.75,1103.3000000000002,0.41182508725107786,2,Delayed,Pass
ORD00184,2026-03-25,P007,Distribution,South,WH_DAL,87,58.16,33.32,6,6,Regional Carrier,Delivered,Trash Bags,Janitorial,CleanPro,Medium,True,0.92,0.04,Net 45,5059.92,2898.84,2161.08,0.42709766162310864,0,On Time,Pass
ORD00185,2026-03-24,P006,Distribution,South,WH_DAL,101,12.01,8.78,6,6,DHL,Delivered,Printer Toner,Office Supplies,InkLogic,Low,True,0.88,0.02,Net 60,1213.01,886.78,326.23,0.26894254787676936,0,On Time,Pass
ORD00186,2026-01-03,P006,Healthcare,West,WH_LAX,106,76.34,49.03,5,5,UPS,Delivered,Printer Toner,Office Supplies,InkLogic,Low,True,0.88,0.02,Net 60,8092.04,5197.18,2894.8599999999997,0.3577416819491747,0,On Time,Pass
ORD00187,2026-01-29,P003,Retail,South,WH_DAL,26,27.18,20.73,6,6,Internal Fleet,Delivered,Cleaning Wipes,Janitorial,CleanPro,Medium,True,0.92,0.04,Net 45,706.68,538.98,167.69999999999993,0.23730684326710808,0,On Time,Pass
ORD00188,2026-03-09,P001,Distribution,West,WH_LAX,127,14.83,9.66,3,3,UPS,Delivered,Copy Paper,Office Supplies,NorthStar Paper,High,True,0.92,0.06,Net 60,1883.41,1226.82,656.5900000000001,0.34861766689143636,0,On Time,Pass
ORD00189,2026-03-30,P003,Retail,Northeast,WH_NJ,100,35.81,26.24,3,3,Regional Carrier,Delivered,Cleaning Wipes,Janitorial,CleanPro,Medium,True,0.92,0.04,Net 45,3581.0,2624.0,957.0,0.26724378665177323,0,On Time,Pass
ORD00190,2026-03-20,P005,Healthcare,Northeast,WH_NJ,90,45.05,28.54,5,5,UPS,Delivered,Disposable Cups,Food Service,EcoServe,Low,True,0.91,0.06,Net 45,4054.4999999999995,2568.6,1485.8999999999996,0.36648168701442835,0,On Time,Pass
ORD00191,2026-02-17,P008,Education,Northeast,WH_NJ,23,63.36,43.45,5,5,UPS,Delivered,Face Masks,Healthcare Supplies,SafeHands,Low,True,0.87,0.03,Net 30,1457.28,999.35,457.92999999999995,0.3142361111111111,0,On Time,Pass
ORD00192,2026-01-26,P003,Retail,West,WH_LAX,87,53.09,41.73,6,6,FedEx,Delivered,Cleaning Wipes,Janitorial,CleanPro,Medium,True,0.92,0.04,Net 45,4618.83,3630.5099999999998,988.3200000000002,0.21397626671689587,0,On Time,Pass
ORD00193,2026-03-08,P002,Retail,West,WH_LAX,57,62.23,38.81,6,6,UPS,Delayed,Nitrile Gloves,Healthcare Supplies,SafeHands,Low,True,0.87,0.03,Net 30,3547.1099999999997,2212.17,1334.9399999999996,0.37634581391611754,0,On Time,Pass
ORD00194,2026-02-25,P002,Government,South,WH_DAL,42,71.35,57.17,5,5,FedEx,Delivered,Nitrile Gloves,Healthcare Supplies,SafeHands,Low,True,0.87,0.03,Net 30,2996.7,2401.14,595.56,0.1987386124737211,0,On Time,Pass
ORD00195,2026-02-20,P006,Government,South,WH_DAL,79,79.59,51.83,2,2,DHL,Delivered,Printer Toner,Office Supplies,InkLogic,Low,True,0.88,0.02,Net 60,6287.610000000001,4094.5699999999997,2193.040000000001,0.3487875361226286,0,On Time,Pass
ORD00196,2026-01-13,P006,Healthcare,South,WH_DAL,131,7.87,6.28,5,5,UPS,Delivered,Printer Toner,Office Supplies,InkLogic,Low,True,0.88,0.02,Net 60,1030.97,822.6800000000001,208.28999999999996,0.20203303684879284,0,On Time,Pass
ORD00197,2026-03-02,P008,Retail,Midwest,WH_CHI,43,6.43,3.91,3,3,Internal Fleet,Delivered,Face Masks,Healthcare Supplies,SafeHands,Low,True,0.87,0.03,Net 30,276.49,168.13,108.36000000000001,0.39191290824261277,0,On Time,Pass
ORD00198,2026-03-19,P007,Education,Midwest,WH_CHI,73,22.82,13.3,3,3,Regional Carrier,Delivered,Trash Bags,Janitorial,CleanPro,Medium,True,0.92,0.04,Net 45,1665.8600000000001,970.9000000000001,694.96,0.4171779141104294,0,On Time,Pass
ORD00199,2026-03-23,P008,Retail,Midwest,WH_CHI,31,67.75,46.41,6,6,FedEx,Delivered,Face Masks,Healthcare Supplies,SafeHands,Low,True,0.87,0.03,Net 30,2100.25,1438.7099999999998,661.5400000000002,0.31498154981549825,0,On Time,Pass
ORD00200,2026-03-22,P004,Education,South,WH_DAL,99,37.19,26.63,3,3,Internal Fleet,Delivered,Paper Towels,Janitorial,DaxPro,High,True,0.94,0.05,Net 45,3681.81,2636.37,1045.44,0.2839472976606615,0,On Time,Pass
ORD00201,2026-02-23,P003,Distribution,Midwest,WH_CHI,59,78.1,44.38,6,6,Internal Fleet,Delayed,Cleaning Wipes,Janitorial,CleanPro,Medium,True,0.92,0.04,Net 45,4607.9,2618.42,1989.4799999999996,0.4317541613316261,0,On Time,Pass
ORD00202,2026-03-06,P001,Government,Northeast,WH_NJ,49,8.27,5.41,4,4,DHL,Delivered,Copy Paper,Office Supplies,NorthStar Paper,High,True,0.92,0.06,Net 60,405.22999999999996,265.09000000000003,140.13999999999993,0.3458282950423215,0,On Time,Pass
ORD00203,2026-01-03,P006,Education,Midwest,WH_CHI,89,23.08,16.79,2,2,Internal Fleet,Delivered,Printer Toner,Office Supplies,InkLogic,Low,True,0.88,0.02,Net 60,2054.12,1494.31,559.81,0.27253032928942805,0,On Time,Pass
ORD00204,2026-02-12,P003,Education,Midwest,WH_CHI,78,45.95,35.37,3,6,Regional Carrier,Delivered,Cleaning Wipes,Janitorial,CleanPro,Medium,True,0.92,0.04,Net 45,3584.1000000000004,2758.8599999999997,825.2400000000007,0.23025027203482062,3,Delayed,Pass
ORD00205,2026-03-31,P008,Healthcare,South,WH_DAL,59,9.73,7.39,5,5,FedEx,Delivered,Face Masks,Healthcare Supplies,SafeHands,Low,True,0.87,0.03,Net 30,574.07,436.01,138.06000000000006,0.24049331963001036,0,On Time,Pass
ORD00206,2026-02-07,P004,Healthcare,Midwest,WH_CHI,106,71.43,45.37,4,7,Internal Fleet,Delivered,Paper Towels,Janitorial,DaxPro,High,True,0.94,0.05,Net 45,7571.580000000001,4809.219999999999,2762.3600000000015,0.36483270334593326,3,Delayed,Review Needed
ORD00207,2026-02-20,P008,Retail,West,WH_LAX,21,61.5,37.0,4,5,FedEx,Delivered,Face Masks,Healthcare Supplies,SafeHands,Low,True,0.87,0.03,Net 30,1291.5,777.0,514.5,0.3983739837398374,1,Delayed,Pass
ORD00208,2026-03-25,P006,Retail,West,WH_LAX,99,64.95,43.39,5,5,Regional Carrier,Delivered,Printer Toner,Office Supplies,InkLogic,Low,True,0.88,0.02,Net 60,6430.05,4295.61,2134.4400000000005,0.33194765204003085,0,On Time,Pass
ORD00209,2026-02-19,P006,Government,South,WH_DAL,23,56.91,36.95,6,6,DHL,Delivered,Printer Toner,Office Supplies,InkLogic,Low,True,0.88,0.02,Net 60,1308.9299999999998,849.85,459.0799999999998,0.35072922157792996,0,On Time,Pass
ORD00210,2026-01-11,P007,Government,Midwest,WH_CHI,81,50.18,38.74,6,6,DHL,Delivered,Trash Bags,Janitorial,CleanPro,Medium,True,0.92,0.04,Net 45,4064.58,3137.94,926.6399999999999,0.22797927461139894,0,On Time,Pass
ORD00211,2026-02-11,P002,Education,Midwest,WH_CHI,77,54.57,34.53,6,6,Regional Carrier,Delivered,Nitrile Gloves,Healthcare Supplies,SafeHands,Low,True,0.87,0.03,Net 30,4201.89,2658.81,1543.0800000000004,0.3672347443650358,0,On Time,Pass
ORD00212,2026-01-22,P008,Government,West,WH_LAX,37,8.18,6.42,4,4,Internal Fleet,Delivered,Face Masks,Healthcare Supplies,SafeHands,Low,True,0.87,0.03,Net 30,302.65999999999997,237.54,65.11999999999998,0.2151589242053789,0,On Time,Pass
ORD00213,2026-02-25,P005,Retail,Midwest,WH_CHI,115,55.34,36.51,6,6,UPS,Delivered,Disposable Cups,Food Service,EcoServe,Low,True,0.91,0.06,Net 45,6364.1,4198.65,2165.4500000000007,0.3402602096132997,0,On Time,Pass
ORD00214,2026-01-04,P003,Retail,Northeast,WH_NJ,59,14.47,8.88,4,5,DHL,Delivered,Cleaning Wipes,Janitorial,CleanPro,Medium,True,0.92,0.04,Net 45,853.73,523.9200000000001,329.80999999999995,0.38631651693158253,1,Delayed,Pass
ORD00215,2026-02-19,P001,Government,South,WH_DAL,1,76.16,49.54,2,2,Internal Fleet,Delayed,Copy Paper,Office Supplies,NorthStar Paper,High,True,0.92,0.06,Net 60,76.16,49.54,26.619999999999997,0.3495273109243697,0,On Time,Pass
ORD00216,2026-01-18,P006,Education,Northeast,WH_NJ,52,53.72,33.17,2,3,FedEx,Delayed,Printer Toner,Office Supplies,InkLogic,Low,True,0.88,0.02,Net 60,2793.44,1724.8400000000001,1068.6,0.38253909158600147,1,Delayed,Pass
ORD00217,2026-01-24,P008,Distribution,Northeast,WH_NJ,92,13.83,10.5,5,8,UPS,Delivered,Face Masks,Healthcare Supplies,SafeHands,Low,True,0.87,0.03,Net 30,1272.36,966.0,306.3599999999999,0.24078091106290667,3,Delayed,Pass
ORD00218,2026-03-20,P005,Healthcare,Northeast,WH_NJ,58,14.2,11.08,5,5,UPS,Delivered,Disposable Cups,Food Service,EcoServe,Low,True,0.91,0.06,Net 45,823.5999999999999,642.64,180.95999999999992,0.21971830985915486,0,On Time,Pass
ORD00219,2026-02-26,P002,Education,West,WH_LAX,120,58.22,40.67,4,4,DHL,Delivered,Nitrile Gloves,Healthcare Supplies,SafeHands,Low,True,0.87,0.03,Net 30,6986.4,4880.400000000001,2105.999999999999,0.3014428031604259,0,On Time,Pass
ORD00220,2026-01-21,P003,Distribution,West,WH_LAX,88,21.82,17.8,3,3,UPS,Delivered,Cleaning Wipes,Janitorial,CleanPro,Medium,True,0.92,0.04,Net 45,1920.16,1566.4,353.76,0.1842346471127406,0,On Time,Pass
ORD00221,2026-03-05,P001,Distribution,West,WH_LAX,93,47.92,32.4,6,6,UPS,Delivered,Copy Paper,Office Supplies,NorthStar Paper,High,True,0.92,0.06,Net 60,4456.56,3013.2,1443.3600000000006,0.32387312186978306,0,On Time,Pass
ORD00222,2026-03-20,P002,Education,Midwest,WH_CHI,65,34.86,25.92,5,5,Internal Fleet,Delayed,Nitrile Gloves,Healthcare Supplies,SafeHands,Low,True,0.87,0.03,Net 30,2265.9,1684.8000000000002,581.0999999999999,0.2564543889845094,0,On Time,Pass
ORD00223,2026-02-22,P007,Healthcare,Midwest,WH_CHI,122,77.93,56.38,5,5,Regional Carrier,Delivered,Trash Bags,Janitorial,CleanPro,Medium,True,0.92,0.04,Net 45,9507.460000000001,6878.360000000001,2629.1000000000004,0.2765302194276915,0,On Time,Pass
ORD00224,2026-03-29,P006,Distribution,South,WH_DAL,65,52.98,31.74,3,3,Regional Carrier,Delivered,Printer Toner,Office Supplies,InkLogic,Low,True,0.88,0.02,Net 60,3443.7,2063.1,1380.6,0.40090600226500567,0,On Time,Pass
ORD00225,2026-03-06,P001,Distribution,Midwest,WH_CHI,80,16.48,9.8,4,4,UPS,Delayed,Copy Paper,Office Supplies,NorthStar Paper,High,True,0.92,0.06,Net 60,1318.4,784.0,534.4000000000001,0.40533980582524276,0,On Time,Pass
ORD00226,2026-02-14,P005,Education,Midwest,WH_CHI,138,19.72,15.94,4,4,UPS,Delivered,Disposable Cups,Food Service,EcoServe,Low,True,0.91,0.06,Net 45,2721.3599999999997,2199.72,521.6399999999999,0.191683569979716,0,On Time,Pass
ORD00227,2026-03-22,P005,Distribution,Midwest,WH_CHI,88,53.07,37.67,6,6,UPS,Delayed,Disposable Cups,Food Service,EcoServe,Low,True,0.91,0.06,Net 45,4670.16,3314.96,1355.1999999999998,0.2901827774637271,0,On Time,Pass
ORD00228,2026-01-22,P006,Retail,Midwest,WH_CHI,106,11.09,8.94,6,6,DHL,Delivered,Printer Toner,Office Supplies,InkLogic,Low,True,0.88,0.02,Net 60,1175.54,947.64,227.89999999999998,0.193868349864743,0,On Time,Pass
ORD00229,2026-03-25,P004,Distribution,Northeast,WH_NJ,91,52.92,36.22,6,6,DHL,Delivered,Paper Towels,Janitorial,DaxPro,High,True,0.94,0.05,Net 45,4815.72,3296.02,1519.7000000000003,0.3155706727135299,0,On Time,Pass
ORD00230,2026-03-24,P005,Healthcare,Northeast,WH_NJ,65,65.35,48.03,4,6,Regional Carrier,Delivered,Disposable Cups,Food Service,EcoServe,Low,True,0.91,0.06,Net 45,4247.75,3121.9500000000003,1125.7999999999997,0.26503442999234883,2,Delayed,Pass
ORD00231,2026-01-10,P001,Government,South,WH_DAL,63,36.17,24.43,4,4,Internal Fleet,Delivered,Copy Paper,Office Supplies,NorthStar Paper,High,True,0.92,0.06,Net 60,2278.71,1539.09,739.6200000000001,0.32457837987282284,0,On Time,Pass
ORD00232,2026-01-19,P006,Education,West,WH_LAX,50,78.15,45.74,4,4,Internal Fleet,Delivered,Printer Toner,Office Supplies,InkLogic,Low,True,0.88,0.02,Net 60,3907.5000000000005,2287.0,1620.5000000000005,0.41471529110684585,0,On Time,Pass
ORD00233,2026-03-13,P002,Healthcare,West,WH_LAX,96,39.99,24.88,3,3,UPS,Delivered,Nitrile Gloves,Healthcare Supplies,SafeHands,Low,True,0.87,0.03,Net 30,3839.04,2388.48,1450.56,0.3778444611152788,0,On Time,Pass
ORD00234,2026-01-13,P001,Government,West,WH_LAX,91,69.81,46.28,3,3,DHL,Delivered,Copy Paper,Office Supplies,NorthStar Paper,High,True,0.92,0.06,Net 60,6352.71,4211.4800000000005,2141.2299999999996,0.33705772811918056,0,On Time,Pass
ORD00235,2026-03-15,P006,Healthcare,South,WH_DAL,70,42.37,29.19,5,6,DHL,Delivered,Printer Toner,Office Supplies,InkLogic,Low,True,0.88,0.02,Net 60,2965.8999999999996,2043.3000000000002,922.5999999999995,0.3110691527023836,1,Delayed,Pass
ORD00236,2026-03-05,P001,Government,Midwest,WH_CHI,45,42.91,34.8,3,3,Internal Fleet,Delivered,Copy Paper,Office Supplies,NorthStar Paper,High,True,0.92,0.06,Net 60,1930.9499999999998,1565.9999999999998,364.95000000000005,0.1890002330459101,0,On Time,Pass
ORD00237,2026-02-15,P001,Education,Midwest,WH_CHI,110,42.12,33.2,5,5,DHL,Delivered,Copy Paper,Office Supplies,NorthStar Paper,High,True,0.92,0.06,Net 60,4633.2,3652.0000000000005,981.1999999999994,0.21177587844254497,0,On Time,Pass
ORD00238,2026-03-10,P001,Government,Midwest,WH_CHI,127,15.05,9.35,4,4,Regional Carrier,Delivered,Copy Paper,Office Supplies,NorthStar Paper,High,True,0.92,0.06,Net 60,1911.3500000000001,1187.45,723.9000000000001,0.37873754152823924,0,On Time,Pass
ORD00239,2026-02-16,P001,Retail,Northeast,WH_NJ,17,47.77,28.78,6,6,DHL,Delayed,Copy Paper,Office Supplies,NorthStar Paper,High,True,0.92,0.06,Net 60,812.09,489.26,322.83000000000004,0.3975298304375131,0,On Time,Pass
ORD00240,2026-01-10,P007,Distribution,Northeast,WH_NJ,132,25.98,21.23,6,6,FedEx,Delivered,Trash Bags,Janitorial,CleanPro,Medium,True,0.92,0.04,Net 45,3429.36,2802.36,627.0,0.18283294842186296,0,On Time,Pass
ORD00241,2026-01-17,P002,Education,Northeast,WH_NJ,165,64.62,41.46,4,4,UPS,Delayed,Nitrile Gloves,Healthcare Supplies,SafeHands,Low,True,0.87,0.03,Net 30,10662.300000000001,6840.900000000001,3821.4000000000005,0.3584029712163417,0,On Time,Pass
ORD00242,2026-01-26,P007,Retail,Midwest,WH_CHI,84,7.92,5.88,5,8,Internal Fleet,Delivered,Trash Bags,Janitorial,CleanPro,Medium,True,0.92,0.04,Net 45,665.28,493.92,171.35999999999996,0.2575757575757575,3,Delayed,Pass
ORD00243,2026-02-28,P003,Education,South,WH_DAL,96,74.85,47.6,5,5,Internal Fleet,Delivered,Cleaning Wipes,Janitorial,CleanPro,Medium,True,0.92,0.04,Net 45,7185.599999999999,4569.6,2615.999999999999,0.36406145624582487,0,On Time,Pass
ORD00244,2026-02-08,P006,Distribution,Northeast,WH_NJ,87,27.48,21.17,4,4,DHL,Delivered,Printer Toner,Office Supplies,InkLogic,Low,True,0.88,0.02,Net 60,2390.76,1841.7900000000002,548.97,0.22962154294032022,0,On Time,Pass
ORD00245,2026-03-28,P002,Distribution,Northeast,WH_NJ,135,28.08,22.26,2,5,Internal Fleet,Delayed,Nitrile Gloves,Healthcare Supplies,SafeHands,Low,True,0.87,0.03,Net 30,3790.7999999999997,3005.1000000000004,785.6999999999994,0.2072649572649571,3,Delayed,Pass
ORD00246,2026-03-02,P005,Retail,South,WH_DAL,62,48.76,29.06,6,6,Regional Carrier,Delivered,Disposable Cups,Food Service,EcoServe,Low,True,0.91,0.06,Net 45,3023.12,1801.72,1221.3999999999999,0.404019688269073,0,On Time,Pass
ORD00247,2026-01-19,P004,Distribution,Midwest,WH_CHI,81,76.12,44.12,2,2,Regional Carrier,Delivered,Paper Towels,Janitorial,DaxPro,High,True,0.94,0.05,Net 45,6165.72,3573.72,2592.0000000000005,0.4203888596952181,0,On Time,Pass
ORD00248,2026-02-10,P007,Government,South,WH_DAL,118,56.79,37.53,6,6,Regional Carrier,Delivered,Trash Bags,Janitorial,CleanPro,Medium,True,0.92,0.04,Net 45,6701.22,4428.54,2272.6800000000003,0.33914421553090335,0,On Time,Pass
ORD00249,2026-01-08,P003,Distribution,South,WH_DAL,44,29.38,21.41,6,6,Regional Carrier,Delayed,Cleaning Wipes,Janitorial,CleanPro,Medium,True,0.92,0.04,Net 45,1292.72,942.04,350.68000000000006,0.2712729748127979,0,On Time,Pass
ORD00250,2026-02-10,P003,Distribution,Northeast,WH_NJ,22,30.67,19.8,4,4,Internal Fleet,Delivered,Cleaning Wipes,Janitorial,CleanPro,Medium,True,0.92,0.04,Net 45,674.74,435.6,239.14,0.3544179980436909,0,On Time,Pass
ORD00251,2026-03-03,P004,Education,South,WH_DAL,68,46.86,28.62,4,4,DHL,Delivered,Paper Towels,Janitorial,DaxPro,High,True,0.94,0.05,Net 45,3186.48,1946.16,1240.32,0.38924455825864274,0,On Time,Pass
ORD00252,2026-01-27,P008,Government,West,WH_LAX,138,31.16,24.99,4,4,DHL,Delivered,Face Masks,Healthcare Supplies,SafeHands,Low,True,0.87,0.03,Net 30,4300.08,3448.62,851.46,0.19801026957638,0,On Time,Pass
ORD00253,2026-01-16,P007,Education,Northeast,WH_NJ,1,76.6,58.77,4,6,FedEx,Delivered,Trash Bags,Janitorial,CleanPro,Medium,True,0.92,0.04,Net 45,76.6,58.77,17.82999999999999,0.23276762402088763,2,Delayed,Pass
ORD00254,2026-02-06,P002,Government,West,WH_LAX,78,54.2,40.75,3,3,UPS,Delivered,Nitrile Gloves,Healthcare Supplies,SafeHands,Low,True,0.87,0.03,Net 30,4227.6,3178.5,1049.1000000000004,0.24815498154981555,0,On Time,Pass
ORD00255,2026-03-10,P005,Healthcare,West,WH_LAX,70,13.19,9.89,3,3,UPS,Cancelled,Disposable Cups,Food Service,EcoServe,Low,True,0.91,0.06,Net 45,923.3,692.3000000000001,230.9999999999999,0.25018953752843054,0,On Time,Pass
ORD00256,2026-01-07,P004,Retail,South,WH_DAL,41,12.51,8.0,5,5,FedEx,Delivered,Paper Towels,Janitorial,DaxPro,High,True,0.94,0.05,Net 45,512.91,328.0,184.90999999999997,0.360511590727418,0,On Time,Pass
ORD00257,2026-03-29,P003,Distribution,Midwest,WH_CHI,80,78.34,46.43,5,5,Regional Carrier,Delayed,Cleaning Wipes,Janitorial,CleanPro,Medium,True,0.92,0.04,Net 45,6267.200000000001,3714.4,2552.8000000000006,0.4073270359969365,0,On Time,Pass
ORD00258,2026-03-25,P004,Education,West,WH_LAX,79,26.41,14.95,2,2,Internal Fleet,Delivered,Paper Towels,Janitorial,DaxPro,High,True,0.94,0.05,Net 45,2086.39,1181.05,905.3399999999999,0.4339265429761454,0,On Time,Pass
ORD00259,2026-01-30,P001,Government,South,WH_DAL,78,71.17,42.52,2,2,Regional Carrier,Delivered,Copy Paper,Office Supplies,NorthStar Paper,High,True,0.92,0.06,Net 60,5551.26,3316.5600000000004,2234.7,0.40255725727132213,0,On Time,Pass
ORD00260,2026-03-05,P003,Retail,West,WH_LAX,60,5.7,4.01,2,3,DHL,Delivered,Cleaning Wipes,Janitorial,CleanPro,Medium,True,0.92,0.04,Net 45,342.0,240.6,101.4,0.29649122807017547,1,Delayed,Pass
ORD00261,2026-02-06,P008,Healthcare,Northeast,WH_NJ,1,68.83,46.55,3,3,FedEx,Delivered,Face Masks,Healthcare Supplies,SafeHands,Low,True,0.87,0.03,Net 30,68.83,46.55,22.28,0.32369606276332996,0,On Time,Pass
ORD00262,2026-02-12,P003,Education,Northeast,WH_NJ,118,58.89,32.61,4,4,DHL,Delivered,Cleaning Wipes,Janitorial,CleanPro,Medium,True,0.92,0.04,Net 45,6949.02,3847.98,3101.0400000000004,0.446255731023943,0,On Time,Pass
ORD00263,2026-03-14,P004,Distribution,South,WH_DAL,30,69.21,54.83,5,5,Internal Fleet,Delivered,Paper Towels,Janitorial,DaxPro,High,True,0.94,0.05,Net 45,2076.2999999999997,1644.8999999999999,431.39999999999986,0.2077734431440543,0,On Time,Pass
ORD00264,2026-02-11,P002,Retail,Northeast,WH_NJ,52,18.86,11.09,4,4,UPS,Delivered,Nitrile Gloves,Healthcare Supplies,SafeHands,Low,True,0.87,0.03,Net 30,980.72,576.68,404.0400000000001,0.41198303287380705,0,On Time,Pass
ORD00265,2026-01-01,P005,Healthcare,Northeast,WH_NJ,112,38.51,23.96,4,4,DHL,Delivered,Disposable Cups,Food Service,EcoServe,Low,True,0.91,0.06,Net 45,4313.12,2683.52,1629.6,0.37782394183329004,0,On Time,Pass
ORD00266,2026-03-16,P001,Education,West,WH_LAX,124,56.96,32.28,2,2,Regional Carrier,Delivered,Copy Paper,Office Supplies,NorthStar Paper,High,True,0.92,0.06,Net 60,7063.04,4002.7200000000003,3060.3199999999997,0.43328651685393255,0,On Time,Pass
ORD00267,2026-02-09,P003,Distribution,Northeast,WH_NJ,61,74.23,58.62,4,4,FedEx,Delivered,Cleaning Wipes,Janitorial,CleanPro,Medium,True,0.92,0.04,Net 45,4528.030000000001,3575.8199999999997,952.210000000001,0.21029233463559227,0,On Time,Pass
ORD00268,2026-03-23,P005,Distribution,West,WH_LAX,97,21.56,17.43,5,5,UPS,Delivered,Disposable Cups,Food Service,EcoServe,Low,True,0.91,0.06,Net 45,2091.3199999999997,1690.71,400.6099999999997,0.19155844155844143,0,On Time,Pass
ORD00269,2026-02-28,P006,Distribution,Northeast,WH_NJ,104,73.46,55.42,3,4,UPS,Delivered,Printer Toner,Office Supplies,InkLogic,Low,True,0.88,0.02,Net 60,7639.839999999999,5763.68,1876.159999999999,0.245575823577457,1,Delayed,Pass
ORD00270,2026-03-29,P002,Distribution,Northeast,WH_NJ,95,57.78,33.0,6,6,FedEx,Delivered,Nitrile Gloves,Healthcare Supplies,SafeHands,Low,True,0.87,0.03,Net 30,5489.1,3135.0,2354.1000000000004,0.42886812045690553,0,On Time,Pass
ORD00271,2026-01-08,P004,Healthcare,South,WH_DAL,100,29.61,20.45,2,2,UPS,Delivered,Paper Towels,Janitorial,DaxPro,High,True,0.94,0.05,Net 45,2961.0,2045.0,916.0,0.30935494765282,0,On Time,Pass
ORD00272,2026-03-16,P008,Distribution,Midwest,WH_CHI,69,38.41,21.7,3,3,Internal Fleet,Delivered,Face Masks,Healthcare Supplies,SafeHands,Low,True,0.87,0.03,Net 30,2650.29,1497.3,1152.99,0.4350429575631346,0,On Time,Pass
ORD00273,2026-02-23,P008,Distribution,Midwest,WH_CHI,91,39.68,30.47,2,2,Regional Carrier,Delayed,Face Masks,Healthcare Supplies,SafeHands,Low,True,0.87,0.03,Net 30,3610.88,2772.77,838.1100000000001,0.23210685483870971,0,On Time,Pass
ORD00274,2026-02-02,P001,Distribution,South,WH_DAL,36,10.48,6.96,2,3,Internal Fleet,Delivered,Copy Paper,Office Supplies,NorthStar Paper,High,True,0.92,0.06,Net 60,377.28000000000003,250.56,126.72000000000003,0.3358778625954199,1,Delayed,Review Needed
ORD00275,2026-01-08,P002,Retail,Northeast,WH_NJ,55,26.53,15.88,3,3,Regional Carrier,Delivered,Nitrile Gloves,Healthcare Supplies,SafeHands,Low,True,0.87,0.03,Net 30,1459.15,873.4000000000001,585.75,0.4014323407463249,0,On Time,Pass
ORD00276,2026-02-17,P007,Government,Northeast,WH_NJ,30,33.17,24.36,6,6,UPS,Delivered,Trash Bags,Janitorial,CleanPro,Medium,True,0.92,0.04,Net 45,995.1,730.8,264.30000000000007,0.26560144709074474,0,On Time,Pass
ORD00277,2026-03-25,P006,Healthcare,Midwest,WH_CHI,7,79.46,52.14,3,3,UPS,Delayed,Printer Toner,Office Supplies,InkLogic,Low,True,0.88,0.02,Net 60,556.2199999999999,364.98,191.2399999999999,0.3438207903347595,0,On Time,Pass
ORD00278,2026-01-01,P001,Government,West,WH_LAX,139,55.51,38.69,6,7,Regional Carrier,Delivered,Copy Paper,Office Supplies,NorthStar Paper,High,True,0.92,0.06,Net 60,7715.889999999999,5377.91,2337.9799999999996,0.30300846694289313,1,Delayed,Review Needed
ORD00279,2026-01-30,P004,Education,Northeast,WH_NJ,78,16.63,9.99,2,4,FedEx,Delivered,Paper Towels,Janitorial,DaxPro,High,True,0.94,0.05,Net 45,1297.1399999999999,779.22,517.9199999999998,0.39927841250751644,2,Delayed,Review Needed
ORD00280,2026-03-26,P007,Healthcare,Midwest,WH_CHI,118,20.46,11.81,2,2,Regional Carrier,Delivered,Trash Bags,Janitorial,CleanPro,Medium,True,0.92,0.04,Net 45,2414.28,1393.5800000000002,1020.7,0.42277614858260015,0,On Time,Pass
ORD00281,2026-03-18,P001,Retail,South,WH_DAL,90,35.17,21.57,3,3,FedEx,Delivered,Copy Paper,Office Supplies,NorthStar Paper,High,True,0.92,0.06,Net 60,3165.3,1941.3,1224.0000000000002,0.38669320443559857,0,On Time,Pass
ORD00282,2026-01-18,P005,Distribution,South,WH_DAL,20,28.92,20.57,4,4,UPS,Delivered,Disposable Cups,Food Service,EcoServe,Low,True,0.91,0.06,Net 45,578.4000000000001,411.4,167.0000000000001,0.28872752420470277,0,On Time,Pass
ORD00283,2026-02-08,P003,Government,South,WH_DAL,80,27.54,15.6,6,6,UPS,Delivered,Cleaning Wipes,Janitorial,CleanPro,Medium,True,0.92,0.04,Net 45,2203.2,1248.0,955.1999999999998,0.43355119825708055,0,On Time,Pass
ORD00284,2026-03-22,P007,Retail,Northeast,WH_NJ,92,77.92,62.67,5,5,Internal Fleet,Delayed,Trash Bags,Janitorial,CleanPro,Medium,True,0.92,0.04,Net 45,7168.64,5765.64,1403.0,0.1957135523613963,0,On Time,Pass
ORD00285,2026-02-10,P007,Healthcare,Northeast,WH_NJ,86,27.49,16.48,6,6,Regional Carrier,Delivered,Trash Bags,Janitorial,CleanPro,Medium,True,0.92,0.04,Net 45,2364.14,1417.28,946.8599999999999,0.4005092761004001,0,On Time,Pass
ORD00286,2026-01-31,P004,Healthcare,West,WH_LAX,45,65.43,52.15,6,6,Regional Carrier,Delivered,Paper Towels,Janitorial,DaxPro,High,True,0.94,0.05,Net 45,2944.3500000000004,2346.75,597.6000000000004,0.20296500076417556,0,On Time,Pass
ORD00287,2026-02-23,P003,Healthcare,Northeast,WH_NJ,88,24.12,15.42,2,2,Regional Carrier,Delivered,Cleaning Wipes,Janitorial,CleanPro,Medium,True,0.92,0.04,Net 45,2122.56,1356.96,765.5999999999999,0.3606965174129353,0,On Time,Pass
ORD00288,2026-02-17,P002,Retail,South,WH_DAL,114,25.13,18.39,6,6,FedEx,Delayed,Nitrile Gloves,Healthcare Supplies,SafeHands,Low,True,0.87,0.03,Net 30,2864.8199999999997,2096.46,768.3599999999997,0.26820533227218457,0,On Time,Pass
ORD00289,2026-01-10,P004,Government,South,WH_DAL,15,20.67,16.43,4,4,FedEx,Delivered,Paper Towels,Janitorial,DaxPro,High,True,0.94,0.05,Net 45,310.05,246.45,63.60000000000002,0.2051282051282052,0,On Time,Pass
ORD00290,2026-01-28,P004,Government,Midwest,WH_CHI,35,73.58,54.29,3,3,Regional Carrier,Delivered,Paper Towels,Janitorial,DaxPro,High,True,0.94,0.05,Net 45,2575.2999999999997,1900.1499999999999,675.1499999999999,0.26216363142158194,0,On Time,Pass
ORD00291,2026-01-31,P006,Government,West,WH_LAX,86,39.97,28.98,4,4,DHL,Delivered,Printer Toner,Office Supplies,InkLogic,Low,True,0.88,0.02,Net 60,3437.42,2492.28,945.1399999999999,0.2749562171628721,0,On Time,Pass
ORD00292,2026-02-16,P008,Retail,Northeast,WH_NJ,53,65.21,48.58,4,4,UPS,Delivered,Face Masks,Healthcare Supplies,SafeHands,Low,True,0.87,0.03,Net 30,3456.1299999999997,2574.74,881.3899999999999,0.25502223585339673,0,On Time,Pass
ORD00293,2026-02-17,P006,Retail,Northeast,WH_NJ,45,47.19,28.77,3,3,FedEx,Delivered,Printer Toner,Office Supplies,InkLogic,Low,True,0.88,0.02,Net 60,2123.5499999999997,1294.65,828.8999999999996,0.3903369357914811,0,On Time,Pass
ORD00294,2026-02-03,P007,Healthcare,West,WH_LAX,116,19.71,12.06,6,6,UPS,Delayed,Trash Bags,Janitorial,CleanPro,Medium,True,0.92,0.04,Net 45,2286.36,1398.96,887.4000000000001,0.3881278538812786,0,On Time,Pass
ORD00295,2026-03-05,P006,Government,West,WH_LAX,49,77.49,56.05,5,5,Regional Carrier,Delivered,Printer Toner,Office Supplies,InkLogic,Low,True,0.88,0.02,Net 60,3797.0099999999998,2746.45,1050.56,0.2766808620467157,0,On Time,Pass
ORD00296,2026-01-22,P006,Healthcare,South,WH_DAL,104,59.02,40.24,6,6,FedEx,Delivered,Printer Toner,Office Supplies,InkLogic,Low,True,0.88,0.02,Net 60,6138.08,4184.96,1953.12,0.3181972212809217,0,On Time,Pass
ORD00297,2026-03-09,P001,Retail,Midwest,WH_CHI,169,62.33,41.22,3,3,FedEx,Delivered,Copy Paper,Office Supplies,NorthStar Paper,High,True,0.92,0.06,Net 60,10533.77,6966.179999999999,3567.590000000001,0.3386812128990856,0,On Time,Pass
ORD00298,2026-01-20,P001,Distribution,South,WH_DAL,76,39.2,22.2,6,6,Regional Carrier,Delivered,Copy Paper,Office Supplies,NorthStar Paper,High,True,0.92,0.06,Net 60,2979.2000000000003,1687.2,1292.0000000000002,0.43367346938775514,0,On Time,Pass
ORD00299,2026-03-26,P008,Retail,Midwest,WH_CHI,78,44.92,29.69,2,2,Internal Fleet,Delivered,Face Masks,Healthcare Supplies,SafeHands,Low,True,0.87,0.03,Net 30,3503.76,2315.82,1187.94,0.33904719501335706,0,On Time,Pass
ORD00300,2026-02-05,P005,Distribution,Midwest,WH_CHI,141,65.99,48.3,3,3,FedEx,Delivered,Disposable Cups,Food Service,EcoServe,Low,True,0.91,0.06,Net 45,9304.59,6810.299999999999,2494.290000000001,0.2680709198363389,0,On Time,Pass
ORD00301,2026-01-13,P003,Healthcare,South,WH_DAL,102,51.48,31.82,4,4,DHL,Delivered,Cleaning Wipes,Janitorial,CleanPro,Medium,True,0.92,0.04,Net 45,5250.96,3245.64,2005.3200000000002,0.3818958818958819,0,On Time,Pass
ORD00302,2026-02-20,P002,Government,West,WH_LAX,114,39.42,24.27,3,3,DHL,Delivered,Nitrile Gloves,Healthcare Supplies,SafeHands,Low,True,0.87,0.03,Net 30,4493.88,2766.7799999999997,1727.1000000000004,0.38432267884322685,0,On Time,Pass
ORD00303,2026-03-29,P002,Retail,Midwest,WH_CHI,77,35.4,23.07,5,5,FedEx,Delivered,Nitrile Gloves,Healthcare Supplies,SafeHands,Low,True,0.87,0.03,Net 30,2725.7999999999997,1776.39,949.4099999999996,0.3483050847457626,0,On Time,Pass
ORD00304,2026-03-23,P001,Retail,South,WH_DAL,101,42.49,28.35,4,6,Internal Fleet,Delivered,Copy Paper,Office Supplies,NorthStar Paper,High,True,0.92,0.06,Net 60,4291.49,2863.3500000000004,1428.1399999999994,0.33278418451400316,2,Delayed,Review Needed
ORD00305,2026-01-13,P001,Healthcare,South,WH_DAL,99,72.6,53.5,6,6,Regional Carrier,Delivered,Copy Paper,Office Supplies,NorthStar Paper,High,True,0.92,0.06,Net 60,7187.4,5296.5,1890.8999999999996,0.26308539944903575,0,On Time,Pass
ORD00306,2026-02-04,P001,Education,Midwest,WH_CHI,117,72.45,50.87,2,2,UPS,Delivered,Copy Paper,Office Supplies,NorthStar Paper,High,True,0.92,0.06,Net 60,8476.65,5951.79,2524.8599999999997,0.2978605935127674,0,On Time,Pass
ORD00307,2026-02-10,P001,Distribution,South,WH_DAL,95,15.81,12.2,5,5,FedEx,Delivered,Copy Paper,Office Supplies,NorthStar Paper,High,True,0.92,0.06,Net 60,1501.95,1159.0,342.95000000000005,0.22833649588867808,0,On Time,Pass
ORD00308,2026-02-08,P003,Distribution,South,WH_DAL,87,67.6,44.28,6,8,DHL,Delivered,Cleaning Wipes,Janitorial,CleanPro,Medium,True,0.92,0.04,Net 45,5881.2,3852.36,2028.8399999999997,0.3449704142011834,2,Delayed,Pass
ORD00309,2026-02-19,P003,Distribution,Midwest,WH_CHI,42,60.91,39.19,2,2,Regional Carrier,Cancelled,Cleaning Wipes,Janitorial,CleanPro,Medium,True,0.92,0.04,Net 45,2558.22,1645.98,912.2399999999998,0.3565916926613035,0,On Time,Pass
ORD00310,2026-01-30,P002,Distribution,West,WH_LAX,116,62.68,50.63,5,8,DHL,Delivered,Nitrile Gloves,Healthcare Supplies,SafeHands,Low,True,0.87,0.03,Net 30,7270.88,5873.08,1397.8000000000002,0.19224633056796428,3,Delayed,Pass
ORD00311,2026-01-04,P005,Government,Northeast,WH_NJ,80,22.11,15.46,5,5,Regional Carrier,Delivered,Disposable Cups,Food Service,EcoServe,Low,True,0.91,0.06,Net 45,1768.8,1236.8000000000002,531.9999999999998,0.30076888285843495,0,On Time,Pass
ORD00312,2026-01-24,P007,Distribution,Midwest,WH_CHI,81,27.15,16.74,2,2,FedEx,Delivered,Trash Bags,Janitorial,CleanPro,Medium,True,0.92,0.04,Net 45,2199.15,1355.9399999999998,843.2100000000003,0.383425414364641,0,On Time,Pass
ORD00313,2026-02-04,P003,Healthcare,Northeast,WH_NJ,64,60.47,38.43,2,2,FedEx,Delivered,Cleaning Wipes,Janitorial,CleanPro,Medium,True,0.92,0.04,Net 45,3870.08,2459.52,1410.56,0.3644782536795105,0,On Time,Pass
ORD00314,2026-01-01,P005,Education,Northeast,WH_NJ,69,62.1,35.87,2,2,UPS,Delivered,Disposable Cups,Food Service,EcoServe,Low,True,0.91,0.06,Net 45,4284.900000000001,2475.0299999999997,1809.8700000000008,0.42238325281803557,0,On Time,Pass
ORD00315,2026-02-25,P008,Retail,Northeast,WH_NJ,73,6.97,4.5,2,2,Internal Fleet,Delivered,Face Masks,Healthcare Supplies,SafeHands,Low,True,0.87,0.03,Net 30,508.81,328.5,180.31,0.35437589670014347,0,On Time,Pass
ORD00316,2026-03-18,P006,Retail,Northeast,WH_NJ,64,26.89,17.61,2,2,Internal Fleet,Delivered,Printer Toner,Office Supplies,InkLogic,Low,True,0.88,0.02,Net 60,1720.96,1127.04,593.9200000000001,0.3451097062104872,0,On Time,Pass
ORD00317,2026-02-01,P003,Healthcare,Northeast,WH_NJ,89,15.41,9.73,5,5,UPS,Delivered,Cleaning Wipes,Janitorial,CleanPro,Medium,True,0.92,0.04,Net 45,1371.49,865.97,505.52,0.3685918234912394,0,On Time,Pass
ORD00318,2026-01-09,P003,Education,Northeast,WH_NJ,111,36.58,24.9,2,4,DHL,Delivered,Cleaning Wipes,Janitorial,CleanPro,Medium,True,0.92,0.04,Net 45,4060.3799999999997,2763.8999999999996,1296.48,0.3193001640240569,2,Delayed,Pass
ORD00319,2026-02-02,P004,Distribution,Northeast,WH_NJ,82,51.25,34.52,3,6,DHL,Delivered,Paper Towels,Janitorial,DaxPro,High,True,0.94,0.05,Net 45,4202.5,2830.6400000000003,1371.8599999999997,0.3264390243902438,3,Delayed,Review Needed
ORD00320,2026-01-01,P007,Distribution,West,WH_LAX,117,33.49,26.22,5,10,DHL,Delivered,Trash Bags,Janitorial,CleanPro,Medium,True,0.92,0.04,Net 45,3918.3300000000004,3067.74,850.5900000000006,0.21707972529113181,5,Delayed,Pass
ORD00321,2026-02-25,P003,Education,West,WH_LAX,61,50.24,37.06,5,5,DHL,Delivered,Cleaning Wipes,Janitorial,CleanPro,Medium,True,0.92,0.04,Net 45,3064.6400000000003,2260.6600000000003,803.98,0.2623407643312102,0,On Time,Pass
ORD00322,2026-01-23,P007,Education,West,WH_LAX,129,60.12,43.34,6,6,UPS,Cancelled,Trash Bags,Janitorial,CleanPro,Medium,True,0.92,0.04,Net 45,7755.48,5590.860000000001,2164.619999999999,0.2791084497671323,0,On Time,Pass
ORD00323,2026-02-11,P007,Government,West,WH_LAX,64,32.38,25.96,3,3,Internal Fleet,Delivered,Trash Bags,Janitorial,CleanPro,Medium,True,0.92,0.04,Net 45,2072.32,1661.44,410.8800000000001,0.19827053736874617,0,On Time,Pass
ORD00324,2026-03-11,P003,Government,Midwest,WH_CHI,130,75.72,45.93,4,4,FedEx,Delivered,Cleaning Wipes,Janitorial,CleanPro,Medium,True,0.92,0.04,Net 45,9843.6,5970.9,3872.7000000000007,0.3934231378763868,0,On Time,Pass
ORD00325,2026-02-22,P008,Education,South,WH_DAL,32,23.15,16.85,5,5,Regional Carrier,Delivered,Face Masks,Healthcare Supplies,SafeHands,Low,True,0.87,0.03,Net 30,740.8,539.2,201.5999999999999,0.27213822894168455,0,On Time,Pass
ORD00326,2026-01-10,P008,Distribution,Northeast,WH_NJ,47,35.06,24.08,5,5,Internal Fleet,Delivered,Face Masks,Healthcare Supplies,SafeHands,Low,True,0.87,0.03,Net 30,1647.8200000000002,1131.76,516.0600000000002,0.31317741015402173,0,On Time,Pass
ORD00327,2026-01-05,P006,Retail,Midwest,WH_CHI,78,62.67,45.6,4,4,UPS,Delivered,Printer Toner,Office Supplies,InkLogic,Low,True,0.88,0.02,Net 60,4888.26,3556.8,1331.46,0.2723791287697463,0,On Time,Pass
ORD00328,2026-03-24,P001,Education,Northeast,WH_NJ,88,77.43,51.59,2,2,FedEx,Delayed,Copy Paper,Office Supplies,NorthStar Paper,High,True,0.92,0.06,Net 60,6813.84,4539.92,2273.92,0.33372078005940853,0,On Time,Pass
ORD00329,2026-02-03,P004,Government,South,WH_DAL,114,33.06,22.32,6,9,Internal Fleet,Delivered,Paper Towels,Janitorial,DaxPro,High,True,0.94,0.05,Net 45,3768.84,2544.48,1224.3600000000001,0.32486388384754994,3,Delayed,Review Needed
ORD00330,2026-01-20,P006,Government,Midwest,WH_CHI,72,12.84,8.5,2,2,FedEx,Delivered,Printer Toner,Office Supplies,InkLogic,Low,True,0.88,0.02,Net 60,924.48,612.0,312.48,0.33800623052959505,0,On Time,Pass
ORD00331,2026-01-19,P006,Education,West,WH_LAX,85,39.15,23.72,5,5,DHL,Delivered,Printer Toner,Office Supplies,InkLogic,Low,True,0.88,0.02,Net 60,3327.75,2016.1999999999998,1311.5500000000002,0.3941251596424011,0,On Time,Pass
ORD00332,2026-03-02,P002,Government,Northeast,WH_NJ,97,28.92,18.25,2,2,FedEx,Delivered,Nitrile Gloves,Healthcare Supplies,SafeHands,Low,True,0.87,0.03,Net 30,2805.2400000000002,1770.25,1034.9900000000002,0.3689488243430153,0,On Time,Pass
ORD00333,2026-02-13,P002,Healthcare,South,WH_DAL,58,43.7,30.55,4,5,Internal Fleet,Delivered,Nitrile Gloves,Healthcare Supplies,SafeHands,Low,True,0.87,0.03,Net 30,2534.6000000000004,1771.9,762.7000000000003,0.3009153318077804,1,Delayed,Pass
ORD00334,2026-02-24,P008,Government,South,WH_DAL,60,52.23,31.35,5,5,Regional Carrier,Delayed,Face Masks,Healthcare Supplies,SafeHands,Low,True,0.87,0.03,Net 30,3133.7999999999997,1881.0,1252.7999999999997,0.3997702469844916,0,On Time,Pass
ORD00335,2026-01-04,P004,Distribution,Northeast,WH_NJ,129,37.22,20.52,3,3,UPS,Delivered,Paper Towels,Janitorial,DaxPro,High,True,0.94,0.05,Net 45,4801.38,2647.08,2154.3,0.4486835034927459,0,On Time,Pass
ORD00336,2026-02-05,P002,Distribution,Midwest,WH_CHI,60,19.02,12.14,5,6,FedEx,Delivered,Nitrile Gloves,Healthcare Supplies,SafeHands,Low,True,0.87,0.03,Net 30,1141.2,728.4000000000001,412.79999999999995,0.3617245005257623,1,Delayed,Pass
ORD00337,2026-02-03,P008,Distribution,West,WH_LAX,87,34.15,22.4,2,2,DHL,Delivered,Face Masks,Healthcare Supplies,SafeHands,Low,True,0.87,0.03,Net 30,2971.0499999999997,1948.8,1022.2499999999998,0.3440702781844802,0,On Time,Pass
ORD00338,2026-02-15,P008,Education,South,WH_DAL,26,73.9,52.42,3,3,DHL,Delayed,Face Masks,Healthcare Supplies,SafeHands,Low,True,0.87,0.03,Net 30,1921.4,1362.92,558.48,0.2906630581867388,0,On Time,Pass
ORD00339,2026-01-16,P004,Retail,West,WH_LAX,58,18.73,13.81,6,8,Regional Carrier,Delayed,Paper Towels,Janitorial,DaxPro,High,True,0.94,0.05,Net 45,1086.34,800.98,285.3599999999999,0.2626801922050186,2,Delayed,Review Needed
ORD00340,2026-02-23,P003,Government,Northeast,WH_NJ,66,18.93,13.66,3,5,Internal Fleet,Delivered,Cleaning Wipes,Janitorial,CleanPro,Medium,True,0.92,0.04,Net 45,1249.3799999999999,901.5600000000001,347.8199999999998,0.27839408346539873,2,Delayed,Pass
ORD00341,2026-01-22,P008,Healthcare,West,WH_LAX,103,19.03,14.79,6,6,FedEx,Delivered,Face Masks,Healthcare Supplies,SafeHands,Low,True,0.87,0.03,Net 30,1960.0900000000001,1523.37,436.72000000000025,0.2228060956384657,0,On Time,Pass
ORD00342,2026-02-15,P001,Healthcare,Northeast,WH_NJ,150,19.63,12.83,6,6,Internal Fleet,Delivered,Copy Paper,Office Supplies,NorthStar Paper,High,True,0.92,0.06,Net 60,2944.5,1924.5,1020.0,0.3464085583290881,0,On Time,Pass
ORD00343,2026-03-25,P008,Government,Northeast,WH_NJ,78,36.17,28.1,5,5,UPS,Delivered,Face Masks,Healthcare Supplies,SafeHands,Low,True,0.87,0.03,Net 30,2821.26,2191.8,629.46,0.22311307713574785,0,On Time,Pass
ORD00344,2026-01-11,P001,Education,South,WH_DAL,142,7.45,4.55,4,4,UPS,Delivered,Copy Paper,Office Supplies,NorthStar Paper,High,True,0.92,0.06,Net 60,1057.9,646.1,411.80000000000007,0.389261744966443,0,On Time,Pass
ORD00345,2026-02-28,P008,Distribution,Midwest,WH_CHI,79,13.57,10.3,4,4,Internal Fleet,Delivered,Face Masks,Healthcare Supplies,SafeHands,Low,True,0.87,0.03,Net 30,1072.03,813.7,258.3299999999999,0.24097273397199698,0,On Time,Pass
ORD00346,2026-01-06,P008,Government,South,WH_DAL,121,12.68,9.82,3,4,DHL,Delivered,Face Masks,Healthcare Supplies,SafeHands,Low,True,0.87,0.03,Net 30,1534.28,1188.22,346.05999999999995,0.22555205047318608,1,Delayed,Pass
ORD00347,2026-01-05,P008,Education,West,WH_LAX,103,69.66,39.95,2,2,UPS,Delayed,Face Masks,Healthcare Supplies,SafeHands,Low,True,0.87,0.03,Net 30,7174.98,4114.85,3060.129999999999,0.426500143554407,0,On Time,Pass
ORD00348,2026-01-27,P006,Healthcare,Northeast,WH_NJ,144,51.21,39.02,3,4,FedEx,Delivered,Printer Toner,Office Supplies,InkLogic,Low,True,0.88,0.02,Net 60,7374.24,5618.88,1755.3599999999997,0.2380394454208162,1,Delayed,Pass
ORD00349,2026-03-14,P006,Distribution,West,WH_LAX,108,45.41,28.94,4,4,DHL,Delivered,Printer Toner,Office Supplies,InkLogic,Low,True,0.88,0.02,Net 60,4904.28,3125.52,1778.7599999999998,0.362695441532702,0,On Time,Pass
ORD00350,2026-03-15,P005,Healthcare,Midwest,WH_CHI,97,77.21,58.84,2,2,DHL,Delivered,Disposable Cups,Food Service,EcoServe,Low,True,0.91,0.06,Net 45,7489.369999999999,5707.4800000000005,1781.8899999999985,0.23792254889263031,0,On Time,Pass
ORD00351,2026-03-25,P003,Healthcare,South,WH_DAL,74,15.97,10.17,3,3,Regional Carrier,Delivered,Cleaning Wipes,Janitorial,CleanPro,Medium,True,0.92,0.04,Net 45,1181.78,752.58,429.19999999999993,0.3631809643080776,0,On Time,Pass
ORD00352,2026-03-04,P003,Government,West,WH_LAX,85,33.14,18.9,2,2,Regional Carrier,Delivered,Cleaning Wipes,Janitorial,CleanPro,Medium,True,0.92,0.04,Net 45,2816.9,1606.4999999999998,1210.4000000000003,0.42969221484610753,0,On Time,Pass
ORD00353,2026-03-07,P005,Government,West,WH_LAX,81,76.27,48.69,2,2,FedEx,Delivered,Disposable Cups,Food Service,EcoServe,Low,True,0.91,0.06,Net 45,6177.87,3943.89,2233.98,0.3616100694899699,0,On Time,Pass
ORD00354,2026-02-28,P006,Distribution,Midwest,WH_CHI,124,34.83,28.26,3,3,Regional Carrier,Cancelled,Printer Toner,Office Supplies,InkLogic,Low,True,0.88,0.02,Net 60,4318.92,3504.2400000000002,814.6799999999998,0.18863049095607232,0,On Time,Pass
ORD00355,2026-02-04,P006,Education,West,WH_LAX,32,46.05,26.95,5,5,DHL,Delivered,Printer Toner,Office Supplies,InkLogic,Low,True,0.88,0.02,Net 60,1473.6,862.4,611.1999999999999,0.4147665580890336,0,On Time,Pass
ORD00356,2026-03-29,P001,Retail,Midwest,WH_CHI,106,51.96,40.32,2,3,FedEx,Delivered,Copy Paper,Office Supplies,NorthStar Paper,High,True,0.92,0.06,Net 60,5507.76,4273.92,1233.8400000000001,0.22401847575057737,1,Delayed,Review Needed
ORD00357,2026-01-21,P008,Retail,Northeast,WH_NJ,88,79.39,52.83,3,6,DHL,Delivered,Face Masks,Healthcare Supplies,SafeHands,Low,True,0.87,0.03,Net 30,6986.32,4649.04,2337.2799999999997,0.33455095100138554,3,Delayed,Pass
ORD00358,2026-01-21,P005,Education,Midwest,WH_CHI,135,23.78,15.47,3,3,FedEx,Delayed,Disposable Cups,Food Service,EcoServe,Low,True,0.91,0.06,Net 45,3210.3,2088.4500000000003,1121.85,0.34945332211942803,0,On Time,Pass
ORD00359,2026-02-20,P005,Government,South,WH_DAL,64,54.16,40.08,2,2,UPS,Delivered,Disposable Cups,Food Service,EcoServe,Low,True,0.91,0.06,Net 45,3466.24,2565.12,901.1199999999999,0.25997045790251105,0,On Time,Pass
ORD00360,2026-03-03,P002,Distribution,South,WH_DAL,86,21.96,16.11,2,2,FedEx,Delivered,Nitrile Gloves,Healthcare Supplies,SafeHands,Low,True,0.87,0.03,Net 30,1888.5600000000002,1385.46,503.10000000000014,0.2663934426229509,0,On Time,Pass
ORD00361,2026-03-31,P006,Government,Midwest,WH_CHI,121,57.05,38.74,3,3,Regional Carrier,Delayed,Printer Toner,Office Supplies,InkLogic,Low,True,0.88,0.02,Net 60,6903.049999999999,4687.54,2215.5099999999993,0.3209465381244522,0,On Time,Pass
ORD00362,2026-01-12,P002,Education,Midwest,WH_CHI,26,32.57,20.55,5,10,UPS,Delayed,Nitrile Gloves,Healthcare Supplies,SafeHands,Low,True,0.87,0.03,Net 30,846.82,534.3000000000001,312.52,0.369051274178692,5,Delayed,Pass
ORD00363,2026-03-24,P003,Distribution,Midwest,WH_CHI,60,47.25,33.77,3,4,Regional Carrier,Delivered,Cleaning Wipes,Janitorial,CleanPro,Medium,True,0.92,0.04,Net 45,2835.0,2026.2000000000003,808.7999999999997,0.2852910052910052,1,Delayed,Pass
ORD00364,2026-02-14,P004,Government,South,WH_DAL,93,51.21,34.28,3,3,FedEx,Delivered,Paper Towels,Janitorial,DaxPro,High,True,0.94,0.05,Net 45,4762.53,3188.04,1574.4899999999998,0.33059949228666274,0,On Time,Pass
ORD00365,2026-01-13,P003,Distribution,Midwest,WH_CHI,134,59.75,38.53,5,5,DHL,Delivered,Cleaning Wipes,Janitorial,CleanPro,Medium,True,0.92,0.04,Net 45,8006.5,5163.02,2843.4799999999996,0.3551464435146443,0,On Time,Pass
ORD00366,2026-01-18,P004,Retail,West,WH_LAX,77,23.61,16.82,6,6,DHL,Cancelled,Paper Towels,Janitorial,DaxPro,High,True,0.94,0.05,Net 45,1817.97,1295.14,522.8299999999999,0.2875900042354934,0,On Time,Pass
ORD00367,2026-03-30,P001,Healthcare,West,WH_LAX,29,43.83,30.14,5,5,DHL,Delivered,Copy Paper,Office Supplies,NorthStar Paper,High,True,0.92,0.06,Net 60,1271.07,874.0600000000001,397.0099999999999,0.3123431439653205,0,On Time,Pass
ORD00368,2026-03-24,P001,Government,South,WH_DAL,3,33.94,20.88,6,6,FedEx,Delivered,Copy Paper,Office Supplies,NorthStar Paper,High,True,0.92,0.06,Net 60,101.82,62.64,39.17999999999999,0.38479670005892747,0,On Time,Pass
ORD00369,2026-03-09,P001,Education,West,WH_LAX,88,14.9,11.66,6,6,Regional Carrier,Delivered,Copy Paper,Office Supplies,NorthStar Paper,High,True,0.92,0.06,Net 60,1311.2,1026.08,285.1200000000001,0.2174496644295303,0,On Time,Pass
ORD00370,2026-02-16,P003,Retail,Northeast,WH_NJ,60,6.25,3.55,4,7,UPS,Delivered,Cleaning Wipes,Janitorial,CleanPro,Medium,True,0.92,0.04,Net 45,375.0,213.0,162.0,0.432,3,Delayed,Pass
ORD00371,2026-01-06,P001,Distribution,Northeast,WH_NJ,102,26.49,19.67,5,5,Regional Carrier,Delivered,Copy Paper,Office Supplies,NorthStar Paper,High,True,0.92,0.06,Net 60,2701.98,2006.3400000000001,695.6399999999999,0.25745564363910906,0,On Time,Pass
ORD00372,2026-03-31,P007,Distribution,Midwest,WH_CHI,76,45.32,26.79,2,2,DHL,Delivered,Trash Bags,Janitorial,CleanPro,Medium,True,0.92,0.04,Net 45,3444.32,2036.04,1408.2800000000002,0.40887025595763465,0,On Time,Pass
ORD00373,2026-01-11,P004,Distribution,South,WH_DAL,78,29.51,20.9,2,4,DHL,Delivered,Paper Towels,Janitorial,DaxPro,High,True,0.94,0.05,Net 45,2301.78,1630.1999999999998,671.5800000000004,0.2917655032192479,2,Delayed,Review Needed
ORD00374,2026-03-31,P007,Retail,South,WH_DAL,88,23.34,18.66,2,2,Regional Carrier,Delivered,Trash Bags,Janitorial,CleanPro,Medium,True,0.92,0.04,Net 45,2053.92,1642.08,411.84000000000015,0.20051413881748079,0,On Time,Pass
ORD00375,2026-03-20,P001,Healthcare,West,WH_LAX,36,13.96,10.35,2,4,UPS,Delivered,Copy Paper,Office Supplies,NorthStar Paper,High,True,0.92,0.06,Net 60,502.56000000000006,372.59999999999997,129.9600000000001,0.2585959885386821,2,Delayed,Review Needed
ORD00376,2026-03-05,P006,Healthcare,West,WH_LAX,130,32.89,24.75,4,7,FedEx,Delivered,Printer Toner,Office Supplies,InkLogic,Low,True,0.88,0.02,Net 60,4275.7,3217.5,1058.1999999999998,0.2474916387959866,3,Delayed,Pass
ORD00377,2026-01-04,P006,Education,Northeast,WH_NJ,91,44.29,27.5,6,7,FedEx,Delivered,Printer Toner,Office Supplies,InkLogic,Low,True,0.88,0.02,Net 60,4030.39,2502.5,1527.8899999999999,0.37909234590200946,1,Delayed,Pass
ORD00378,2026-03-05,P008,Retail,West,WH_LAX,95,42.47,29.86,4,5,UPS,Delivered,Face Masks,Healthcare Supplies,SafeHands,Low,True,0.87,0.03,Net 30,4034.65,2836.7,1197.9500000000003,0.2969154697433483,1,Delayed,Pass
ORD00379,2026-02-02,P002,Healthcare,Midwest,WH_CHI,86,60.56,33.35,2,3,UPS,Delivered,Nitrile Gloves,Healthcare Supplies,SafeHands,Low,True,0.87,0.03,Net 30,5208.16,2868.1,2340.06,0.4493064729194188,1,Delayed,Pass
ORD00380,2026-01-06,P008,Government,West,WH_LAX,104,74.02,44.29,2,2,Internal Fleet,Delivered,Face Masks,Healthcare Supplies,SafeHands,Low,True,0.87,0.03,Net 30,7698.08,4606.16,3091.92,0.4016482031883275,0,On Time,Pass
ORD00381,2026-03-25,P007,Education,South,WH_DAL,56,23.62,18.83,4,4,DHL,Delivered,Trash Bags,Janitorial,CleanPro,Medium,True,0.92,0.04,Net 45,1322.72,1054.48,268.24,0.20279424216765454,0,On Time,Pass
ORD00382,2026-01-10,P006,Distribution,Midwest,WH_CHI,143,55.5,31.31,3,3,Internal Fleet,Delivered,Printer Toner,Office Supplies,InkLogic,Low,True,0.88,0.02,Net 60,7936.5,4477.33,3459.17,0.43585585585585584,0,On Time,Pass
ORD00383,2026-01-06,P007,Government,Midwest,WH_CHI,109,69.95,53.08,4,4,DHL,Delivered,Trash Bags,Janitorial,CleanPro,Medium,True,0.92,0.04,Net 45,7624.55,5785.72,1838.83,0.24117226590421728,0,On Time,Pass
ORD00384,2026-01-12,P008,Education,Midwest,WH_CHI,57,20.05,14.08,4,4,Internal Fleet,Delivered,Face Masks,Healthcare Supplies,SafeHands,Low,True,0.87,0.03,Net 30,1142.8500000000001,802.5600000000001,340.2900000000001,0.2977556109725686,0,On Time,Pass
ORD00385,2026-02-01,P008,Distribution,West,WH_LAX,64,77.89,63.82,3,3,Internal Fleet,Delivered,Face Masks,Healthcare Supplies,SafeHands,Low,True,0.87,0.03,Net 30,4984.96,4084.48,900.48,0.1806393632045192,0,On Time,Pass
ORD00386,2026-02-01,P003,Government,Midwest,WH_CHI,1,6.79,4.73,2,2,DHL,Delivered,Cleaning Wipes,Janitorial,CleanPro,Medium,True,0.92,0.04,Net 45,6.79,4.73,2.0599999999999996,0.3033873343151693,0,On Time,Pass
ORD00387,2026-01-01,P007,Retail,West,WH_LAX,46,20.39,16.63,5,5,Regional Carrier,Cancelled,Trash Bags,Janitorial,CleanPro,Medium,True,0.92,0.04,Net 45,937.94,764.9799999999999,172.96000000000015,0.18440411966650333,0,On Time,Pass
ORD00388,2026-01-08,P003,Retail,West,WH_LAX,78,8.29,5.08,6,6,Regional Carrier,Delivered,Cleaning Wipes,Janitorial,CleanPro,Medium,True,0.92,0.04,Net 45,646.6199999999999,396.24,250.37999999999988,0.38721351025331713,0,On Time,Pass
ORD00389,2026-03-31,P006,Retail,Northeast,WH_NJ,132,48.56,33.33,5,5,FedEx,Delivered,Printer Toner,Office Supplies,InkLogic,Low,True,0.88,0.02,Net 60,6409.92,4399.5599999999995,2010.3600000000006,0.3136326194398683,0,On Time,Pass
ORD00390,2026-03-17,P001,Healthcare,Northeast,WH_NJ,110,22.76,14.12,4,4,Regional Carrier,Delivered,Copy Paper,Office Supplies,NorthStar Paper,High,True,0.92,0.06,Net 60,2503.6000000000004,1553.1999999999998,950.4000000000005,0.37961335676625674,0,On Time,Pass
ORD00391,2026-03-31,P006,Government,West,WH_LAX,71,25.4,14.48,3,3,UPS,Delivered,Printer Toner,Office Supplies,InkLogic,Low,True,0.88,0.02,Net 60,1803.3999999999999,1028.08,775.3199999999999,0.42992125984251967,0,On Time,Pass
ORD00392,2026-03-16,P002,Retail,South,WH_DAL,56,17.33,11.71,5,5,FedEx,Delivered,Nitrile Gloves,Healthcare Supplies,SafeHands,Low,True,0.87,0.03,Net 30,970.4799999999999,655.76,314.7199999999999,0.32429313329486437,0,On Time,Pass
ORD00393,2026-03-10,P006,Government,South,WH_DAL,142,28.12,17.48,2,3,FedEx,Delivered,Printer Toner,Office Supplies,InkLogic,Low,True,0.88,0.02,Net 60,3993.04,2482.16,1510.88,0.3783783783783784,1,Delayed,Pass
ORD00394,2026-01-21,P005,Healthcare,Midwest,WH_CHI,102,67.69,43.22,2,2,UPS,Delivered,Disposable Cups,Food Service,EcoServe,Low,True,0.91,0.06,Net 45,6904.38,4408.44,2495.9400000000005,0.36150096026000894,0,On Time,Pass
ORD00395,2026-02-15,P007,Education,Midwest,WH_CHI,128,24.51,20.04,2,2,Regional Carrier,Delayed,Trash Bags,Janitorial,CleanPro,Medium,True,0.92,0.04,Net 45,3137.28,2565.12,572.1600000000003,0.18237454100367206,0,On Time,Pass
ORD00396,2026-02-27,P004,Government,Midwest,WH_CHI,112,12.64,9.66,2,2,FedEx,Delivered,Paper Towels,Janitorial,DaxPro,High,True,0.94,0.05,Net 45,1415.68,1081.92,333.76,0.23575949367088606,0,On Time,Pass
ORD00397,2026-01-08,P004,Healthcare,South,WH_DAL,104,66.78,43.44,2,2,Internal Fleet,Delivered,Paper Towels,Janitorial,DaxPro,High,True,0.94,0.05,Net 45,6945.12,4517.76,2427.3599999999997,0.3495058400718778,0,On Time,Pass
ORD00398,2026-03-17,P005,Retail,Midwest,WH_CHI,93,79.79,48.14,5,5,UPS,Delivered,Disposable Cups,Food Service,EcoServe,Low,True,0.91,0.06,Net 45,7420.47,4477.02,2943.45,0.3966662489033713,0,On Time,Pass
ORD00399,2026-01-12,P006,Retail,Midwest,WH_CHI,126,75.67,42.65,6,6,Regional Carrier,Delivered,Printer Toner,Office Supplies,InkLogic,Low,True,0.88,0.02,Net 60,9534.42,5373.9,4160.52,0.43636844191885826,0,On Time,Pass
ORD00400,2026-02-20,P008,Government,Midwest,WH_CHI,86,56.24,33.56,3,3,UPS,Delivered,Face Masks,Healthcare Supplies,SafeHands,Low,True,0.87,0.03,Net 30,4836.64,2886.1600000000003,1950.48,0.40327169274537694,0,On Time,Pass
ORD00401,2026-02-05,P005,Healthcare,Northeast,WH_NJ,57,7.6,5.45,3,5,DHL,Delivered,Disposable Cups,Food Service,EcoServe,Low,True,0.91,0.06,Net 45,433.2,310.65000000000003,122.54999999999995,0.28289473684210514,2,Delayed,Pass
ORD00402,2026-03-05,P007,Retail,Northeast,WH_NJ,63,11.58,7.57,5,10,UPS,Delivered,Trash Bags,Janitorial,CleanPro,Medium,True,0.92,0.04,Net 45,729.54,476.91,252.62999999999994,0.3462867012089809,5,Delayed,Pass
ORD00403,2026-03-24,P004,Government,Midwest,WH_CHI,98,63.64,41.17,6,6,Regional Carrier,Delivered,Paper Towels,Janitorial,DaxPro,High,True,0.94,0.05,Net 45,6236.72,4034.6600000000003,2202.06,0.35307982401005655,0,On Time,Pass
ORD00404,2026-02-14,P006,Education,Northeast,WH_NJ,59,18.49,11.76,3,3,FedEx,Delivered,Printer Toner,Office Supplies,InkLogic,Low,True,0.88,0.02,Net 60,1090.9099999999999,693.84,397.0699999999998,0.3639805300162249,0,On Time,Pass
ORD00405,2026-02-05,P001,Distribution,Northeast,WH_NJ,81,31.81,22.51,3,3,UPS,Delivered,Copy Paper,Office Supplies,NorthStar Paper,High,True,0.92,0.06,Net 60,2576.6099999999997,1823.3100000000002,753.2999999999995,0.2923608928010058,0,On Time,Pass
ORD00406,2026-01-13,P004,Education,South,WH_DAL,84,45.03,34.39,2,2,UPS,Delivered,Paper Towels,Janitorial,DaxPro,High,True,0.94,0.05,Net 45,3782.52,2888.76,893.7599999999998,0.23628691983122357,0,On Time,Pass
ORD00407,2026-03-15,P007,Healthcare,West,WH_LAX,70,18.21,12.93,4,6,Internal Fleet,Delivered,Trash Bags,Janitorial,CleanPro,Medium,True,0.92,0.04,Net 45,1274.7,905.1,369.6,0.2899505766062603,2,Delayed,Pass
ORD00408,2026-01-04,P006,Distribution,South,WH_DAL,21,76.13,59.07,5,6,Internal Fleet,Delivered,Printer Toner,Office Supplies,InkLogic,Low,True,0.88,0.02,Net 60,1598.73,1240.47,358.26,0.22409037173256272,1,Delayed,Pass
ORD00409,2026-02-09,P003,Retail,Northeast,WH_NJ,37,11.77,7.21,3,8,FedEx,Delivered,Cleaning Wipes,Janitorial,CleanPro,Medium,True,0.92,0.04,Net 45,435.49,266.77,168.72000000000003,0.38742565845369586,5,Delayed,Pass
ORD00410,2026-03-09,P008,Education,Midwest,WH_CHI,28,73.84,44.63,3,5,DHL,Delivered,Face Masks,Healthcare Supplies,SafeHands,Low,True,0.87,0.03,Net 30,2067.52,1249.64,817.8799999999999,0.3955850487540628,2,Delayed,Pass
ORD00411,2026-01-23,P006,Retail,Midwest,WH_CHI,138,16.08,11.9,3,3,FedEx,Delayed,Printer Toner,Office Supplies,InkLogic,Low,True,0.88,0.02,Net 60,2219.04,1642.2,576.8399999999999,0.25995024875621886,0,On Time,Pass
ORD00412,2026-03-09,P006,Education,Midwest,WH_CHI,63,57.84,42.15,6,8,FedEx,Delivered,Printer Toner,Office Supplies,InkLogic,Low,True,0.88,0.02,Net 60,3643.92,2655.45,988.4700000000003,0.2712655601659752,2,Delayed,Pass
ORD00413,2026-02-13,P005,Healthcare,West,WH_LAX,102,78.19,58.47,5,7,Regional Carrier,Delivered,Disposable Cups,Food Service,EcoServe,Low,True,0.91,0.06,Net 45,7975.38,5963.94,2011.4400000000005,0.25220616447116007,2,Delayed,Pass
ORD00414,2026-03-25,P006,Distribution,South,WH_DAL,24,57.02,45.66,4,4,UPS,Delivered,Printer Toner,Office Supplies,InkLogic,Low,True,0.88,0.02,Net 60,1368.48,1095.84,272.6400000000001,0.19922834093300604,0,On Time,Pass
ORD00415,2026-03-27,P003,Education,Northeast,WH_NJ,58,60.05,37.8,3,3,FedEx,Delayed,Cleaning Wipes,Janitorial,CleanPro,Medium,True,0.92,0.04,Net 45,3482.8999999999996,2192.3999999999996,1290.5,0.3705245628642798,0,On Time,Pass
ORD00416,2026-03-31,P007,Healthcare,Midwest,WH_CHI,93,50.18,40.08,6,6,UPS,Delivered,Trash Bags,Janitorial,CleanPro,Medium,True,0.92,0.04,Net 45,4666.74,3727.44,939.2999999999997,0.20127540852929449,0,On Time,Pass
ORD00417,2026-03-23,P002,Healthcare,Northeast,WH_NJ,79,29.84,17.04,4,4,DHL,Delayed,Nitrile Gloves,Healthcare Supplies,SafeHands,Low,True,0.87,0.03,Net 30,2357.36,1346.1599999999999,1011.2000000000003,0.4289544235924934,0,On Time,Pass
ORD00418,2026-01-22,P002,Government,West,WH_LAX,121,5.85,3.55,2,2,DHL,Delivered,Nitrile Gloves,Healthcare Supplies,SafeHands,Low,True,0.87,0.03,Net 30,707.8499999999999,429.54999999999995,278.29999999999995,0.39316239316239315,0,On Time,Pass
ORD00419,2026-02-02,P002,Retail,Midwest,WH_CHI,120,33.95,25.39,3,3,Regional Carrier,Delivered,Nitrile Gloves,Healthcare Supplies,SafeHands,Low,True,0.87,0.03,Net 30,4074.0000000000005,3046.8,1027.2000000000003,0.2521354933726068,0,On Time,Pass
ORD00420,2026-03-05,P007,Distribution,West,WH_LAX,19,33.15,25.65,6,9,UPS,Delivered,Trash Bags,Janitorial,CleanPro,Medium,True,0.92,0.04,Net 45,629.85,487.34999999999997,142.50000000000006,0.2262443438914028,3,Delayed,Pass
ORD00421,2026-01-21,P008,Retail,Midwest,WH_CHI,34,27.12,17.25,2,3,FedEx,Delivered,Face Masks,Healthcare Supplies,SafeHands,Low,True,0.87,0.03,Net 30,922.08,586.5,335.58000000000004,0.36393805309734517,1,Delayed,Pass
ORD00422,2026-02-13,P003,Healthcare,Northeast,WH_NJ,120,59.9,41.79,2,5,DHL,Delivered,Cleaning Wipes,Janitorial,CleanPro,Medium,True,0.92,0.04,Net 45,7188.0,5014.8,2173.2,0.3023372287145242,3,Delayed,Pass
ORD00423,2026-03-18,P008,Government,Midwest,WH_CHI,82,75.68,45.0,5,5,UPS,Delivered,Face Masks,Healthcare Supplies,SafeHands,Low,True,0.87,0.03,Net 30,6205.76,3690.0,2515.76,0.4053911205073996,0,On Time,Pass
ORD00424,2026-01-07,P002,Healthcare,West,WH_LAX,35,78.08,51.57,6,6,Internal Fleet,Delivered,Nitrile Gloves,Healthcare Supplies,SafeHands,Low,True,0.87,0.03,Net 30,2732.7999999999997,1804.95,927.8499999999997,0.3395235655737704,0,On Time,Pass
ORD00425,2026-02-03,P005,Healthcare,West,WH_LAX,132,12.19,8.0,6,6,Regional Carrier,Delivered,Disposable Cups,Food Service,EcoServe,Low,True,0.91,0.06,Net 45,1609.08,1056.0,553.0799999999999,0.3437243642329778,0,On Time,Pass
ORD00426,2026-01-20,P001,Retail,West,WH_LAX,109,37.07,23.34,6,6,Regional Carrier,Delivered,Copy Paper,Office Supplies,NorthStar Paper,High,True,0.92,0.06,Net 60,4040.63,2544.06,1496.5700000000002,0.37038036147828435,0,On Time,Pass
ORD00427,2026-01-26,P002,Healthcare,Midwest,WH_CHI,68,17.81,11.2,2,4,Regional Carrier,Delivered,Nitrile Gloves,Healthcare Supplies,SafeHands,Low,True,0.87,0.03,Net 30,1211.08,761.5999999999999,449.48,0.3711398090960135,2,Delayed,Pass
ORD00428,2026-01-15,P005,Government,Northeast,WH_NJ,152,41.68,30.36,2,2,Internal Fleet,Delivered,Disposable Cups,Food Service,EcoServe,Low,True,0.91,0.06,Net 45,6335.36,4614.72,1720.6399999999994,0.27159309021113237,0,On Time,Pass
ORD00429,2026-02-19,P003,Government,West,WH_LAX,70,32.71,21.93,4,4,Regional Carrier,Delivered,Cleaning Wipes,Janitorial,CleanPro,Medium,True,0.92,0.04,Net 45,2289.7000000000003,1535.1,754.6000000000004,0.3295628248242129,0,On Time,Pass
ORD00430,2026-03-01,P005,Education,South,WH_DAL,73,47.32,27.96,2,2,FedEx,Delayed,Disposable Cups,Food Service,EcoServe,Low,True,0.91,0.06,Net 45,3454.36,2041.0800000000002,1413.28,0.40912933220625525,0,On Time,Pass
ORD00431,2026-03-27,P006,Distribution,Northeast,WH_NJ,105,22.06,12.5,5,5,Internal Fleet,Delivered,Printer Toner,Office Supplies,InkLogic,Low,True,0.88,0.02,Net 60,2316.2999999999997,1312.5,1003.7999999999997,0.4333635539437896,0,On Time,Pass
ORD00432,2026-02-23,P008,Government,South,WH_DAL,77,27.41,18.0,2,2,Internal Fleet,Delivered,Face Masks,Healthcare Supplies,SafeHands,Low,True,0.87,0.03,Net 30,2110.57,1386.0,724.5700000000002,0.3433053630062022,0,On Time,Pass
ORD00433,2026-03-15,P003,Government,Midwest,WH_CHI,112,17.97,14.66,3,3,UPS,Delivered,Cleaning Wipes,Janitorial,CleanPro,Medium,True,0.92,0.04,Net 45,2012.6399999999999,1641.92,370.7199999999998,0.18419588202559814,0,On Time,Pass
ORD00434,2026-01-17,P001,Retail,Northeast,WH_NJ,92,79.12,52.82,3,3,Internal Fleet,Delivered,Copy Paper,Office Supplies,NorthStar Paper,High,True,0.92,0.06,Net 60,7279.040000000001,4859.44,2419.6000000000013,0.33240647118301325,0,On Time,Pass
ORD00435,2026-02-03,P006,Retail,Midwest,WH_CHI,118,34.11,22.42,4,4,DHL,Delivered,Printer Toner,Office Supplies,InkLogic,Low,True,0.88,0.02,Net 60,4024.98,2645.5600000000004,1379.4199999999996,0.3427147464086777,0,On Time,Pass
ORD00436,2026-03-08,P008,Distribution,Midwest,WH_CHI,43,49.07,37.34,2,5,Regional Carrier,Delivered,Face Masks,Healthcare Supplies,SafeHands,Low,True,0.87,0.03,Net 30,2110.01,1605.6200000000001,504.3900000000001,0.23904626044426333,3,Delayed,Pass
ORD00437,2026-01-20,P003,Retail,Midwest,WH_CHI,58,47.2,27.25,4,6,Internal Fleet,Delivered,Cleaning Wipes,Janitorial,CleanPro,Medium,True,0.92,0.04,Net 45,2737.6000000000004,1580.5,1157.1000000000004,0.4226694915254238,2,Delayed,Pass
ORD00438,2026-02-14,P007,Government,West,WH_LAX,146,54.11,38.12,5,5,FedEx,Delivered,Trash Bags,Janitorial,CleanPro,Medium,True,0.92,0.04,Net 45,7900.0599999999995,5565.5199999999995,2334.54,0.2955091480317871,0,On Time,Pass
ORD00439,2026-01-23,P005,Healthcare,Northeast,WH_NJ,85,51.37,37.7,5,5,FedEx,Delivered,Disposable Cups,Food Service,EcoServe,Low,True,0.91,0.06,Net 45,4366.45,3204.5000000000005,1161.9499999999994,0.2661086237103366,0,On Time,Pass
ORD00440,2026-02-20,P006,Retail,South,WH_DAL,92,60.93,48.66,4,6,FedEx,Delivered,Printer Toner,Office Supplies,InkLogic,Low,True,0.88,0.02,Net 60,5605.56,4476.719999999999,1128.840000000001,0.20137863121614985,2,Delayed,Pass
ORD00441,2026-02-13,P005,Education,West,WH_LAX,118,68.21,53.32,2,2,UPS,Delivered,Disposable Cups,Food Service,EcoServe,Low,True,0.91,0.06,Net 45,8048.779999999999,6291.76,1757.0199999999986,0.21829643747251123,0,On Time,Pass
ORD00442,2026-01-18,P005,Education,Northeast,WH_NJ,121,25.21,16.7,2,2,UPS,Delivered,Disposable Cups,Food Service,EcoServe,Low,True,0.91,0.06,Net 45,3050.4100000000003,2020.6999999999998,1029.7100000000005,0.3375644585481953,0,On Time,Pass
ORD00443,2026-02-26,P004,Government,Northeast,WH_NJ,90,61.96,48.59,2,7,Internal Fleet,Delivered,Paper Towels,Janitorial,DaxPro,High,True,0.94,0.05,Net 45,5576.4,4373.1,1203.2999999999993,0.21578437701743047,5,Delayed,Review Needed
ORD00444,2026-01-21,P002,Distribution,West,WH_LAX,53,35.25,26.82,6,11,Internal Fleet,Delivered,Nitrile Gloves,Healthcare Supplies,SafeHands,Low,True,0.87,0.03,Net 30,1868.25,1421.46,446.78999999999996,0.23914893617021274,5,Delayed,Pass
ORD00445,2026-01-04,P003,Healthcare,South,WH_DAL,91,67.77,41.84,5,5,FedEx,Delivered,Cleaning Wipes,Janitorial,CleanPro,Medium,True,0.92,0.04,Net 45,6167.07,3807.4400000000005,2359.629999999999,0.3826176774383945,0,On Time,Pass
ORD00446,2026-02-16,P004,Education,West,WH_LAX,94,66.76,45.82,2,4,FedEx,Delivered,Paper Towels,Janitorial,DaxPro,High,True,0.94,0.05,Net 45,6275.4400000000005,4307.08,1968.3600000000006,0.3136608747753146,2,Delayed,Review Needed
ORD00447,2026-01-31,P006,Distribution,Northeast,WH_NJ,121,38.46,31.13,5,6,Internal Fleet,Delivered,Printer Toner,Office Supplies,InkLogic,Low,True,0.88,0.02,Net 60,4653.66,3766.73,886.9299999999998,0.19058762350494016,1,Delayed,Pass
ORD00448,2026-03-12,P006,Healthcare,West,WH_LAX,37,67.82,42.04,2,3,DHL,Delivered,Printer Toner,Office Supplies,InkLogic,Low,True,0.88,0.02,Net 60,2509.3399999999997,1555.48,953.8599999999997,0.380123857269242,1,Delayed,Pass
ORD00449,2026-01-04,P007,Healthcare,Midwest,WH_CHI,74,69.04,52.51,3,3,UPS,Delivered,Trash Bags,Janitorial,CleanPro,Medium,True,0.92,0.04,Net 45,5108.96,3885.74,1223.2200000000003,0.2394264194669757,0,On Time,Pass
ORD00450,2026-03-24,P004,Education,South,WH_DAL,84,53.87,37.09,2,2,Regional Carrier,Delivered,Paper Towels,Janitorial,DaxPro,High,True,0.94,0.05,Net 45,4525.08,3115.5600000000004,1409.5199999999995,0.31149062558010016,0,On Time,Pass
ORD00451,2026-01-17,P003,Healthcare,Midwest,WH_CHI,135,23.93,18.36,4,4,DHL,Delivered,Cleaning Wipes,Janitorial,CleanPro,Medium,True,0.92,0.04,Net 45,3230.55,2478.6,751.9500000000003,0.23276222315085673,0,On Time,Pass
ORD00452,2026-02-24,P007,Government,West,WH_LAX,50,23.9,16.16,6,6,Internal Fleet,Delivered,Trash Bags,Janitorial,CleanPro,Medium,True,0.92,0.04,Net 45,1195.0,808.0,387.0,0.3238493723849372,0,On Time,Pass
ORD00453,2026-02-20,P002,Distribution,Midwest,WH_CHI,137,79.96,64.84,4,4,Internal Fleet,Delivered,Nitrile Gloves,Healthcare Supplies,SafeHands,Low,True,0.87,0.03,Net 30,10954.519999999999,8883.08,2071.4399999999987,0.18909454727363673,0,On Time,Pass
ORD00454,2026-03-24,P005,Retail,West,WH_LAX,115,41.13,26.36,4,4,DHL,Delivered,Disposable Cups,Food Service,EcoServe,Low,True,0.91,0.06,Net 45,4729.950000000001,3031.4,1698.5500000000006,0.35910527595429137,0,On Time,Pass
ORD00455,2026-02-05,P005,Healthcare,West,WH_LAX,1,16.24,12.29,2,2,Internal Fleet,Delivered,Disposable Cups,Food Service,EcoServe,Low,True,0.91,0.06,Net 45,16.24,12.29,3.9499999999999993,0.24322660098522164,0,On Time,Pass
ORD00456,2026-02-21,P006,Retail,South,WH_DAL,160,54.16,44.37,4,4,Regional Carrier,Delivered,Printer Toner,Office Supplies,InkLogic,Low,True,0.88,0.02,Net 60,8665.599999999999,7099.2,1566.3999999999987,0.1807607090103396,0,On Time,Pass
ORD00457,2026-02-21,P007,Distribution,Midwest,WH_CHI,115,58.11,40.94,3,3,DHL,Delivered,Trash Bags,Janitorial,CleanPro,Medium,True,0.92,0.04,Net 45,6682.65,4708.099999999999,1974.5500000000002,0.2954741008432284,0,On Time,Pass
ORD00458,2026-01-29,P008,Distribution,West,WH_LAX,165,27.51,16.39,6,7,UPS,Delivered,Face Masks,Healthcare Supplies,SafeHands,Low,True,0.87,0.03,Net 30,4539.150000000001,2704.35,1834.8000000000006,0.4042166484914577,1,Delayed,Pass
ORD00459,2026-02-07,P002,Healthcare,Northeast,WH_NJ,106,60.57,45.17,6,6,UPS,Delayed,Nitrile Gloves,Healthcare Supplies,SafeHands,Low,True,0.87,0.03,Net 30,6420.42,4788.02,1632.3999999999996,0.25425127951130916,0,On Time,Pass
ORD00460,2026-03-29,P006,Healthcare,Midwest,WH_CHI,89,31.65,23.77,4,4,Regional Carrier,Delayed,Printer Toner,Office Supplies,InkLogic,Low,True,0.88,0.02,Net 60,2816.85,2115.5299999999997,701.3200000000002,0.24897314375987367,0,On Time,Pass
ORD00461,2026-02-12,P006,Distribution,West,WH_LAX,53,27.05,21.09,5,5,FedEx,Delivered,Printer Toner,Office Supplies,InkLogic,Low,True,0.88,0.02,Net 60,1433.65,1117.77,315.8800000000001,0.22033271719038824,0,On Time,Pass
ORD00462,2026-03-23,P002,Healthcare,Northeast,WH_NJ,70,42.54,33.36,5,5,Internal Fleet,Delivered,Nitrile Gloves,Healthcare Supplies,SafeHands,Low,True,0.87,0.03,Net 30,2977.7999999999997,2335.2,642.5999999999999,0.2157968970380818,0,On Time,Pass
ORD00463,2026-02-08,P007,Healthcare,Midwest,WH_CHI,86,15.3,9.24,5,5,Internal Fleet,Delivered,Trash Bags,Janitorial,CleanPro,Medium,True,0.92,0.04,Net 45,1315.8,794.64,521.16,0.396078431372549,0,On Time,Pass
ORD00464,2026-02-28,P003,Healthcare,West,WH_LAX,128,63.42,43.23,3,3,DHL,Delivered,Cleaning Wipes,Janitorial,CleanPro,Medium,True,0.92,0.04,Net 45,8117.76,5533.44,2584.3200000000006,0.31835383159886477,0,On Time,Pass
ORD00465,2026-03-23,P001,Government,Midwest,WH_CHI,45,25.51,19.27,3,3,Internal Fleet,Delivered,Copy Paper,Office Supplies,NorthStar Paper,High,True,0.92,0.06,Net 60,1147.95,867.15,280.80000000000007,0.2446099568796551,0,On Time,Pass
ORD00466,2026-01-21,P008,Healthcare,Midwest,WH_CHI,72,51.09,36.84,5,5,Regional Carrier,Delivered,Face Masks,Healthcare Supplies,SafeHands,Low,True,0.87,0.03,Net 30,3678.4800000000005,2652.4800000000005,1026.0,0.278919553728714,0,On Time,Pass
ORD00467,2026-03-03,P007,Retail,Midwest,WH_CHI,58,45.03,33.65,2,2,DHL,Delivered,Trash Bags,Janitorial,CleanPro,Medium,True,0.92,0.04,Net 45,2611.7400000000002,1951.6999999999998,660.0400000000004,0.25272040861647804,0,On Time,Pass
ORD00468,2026-03-09,P004,Retail,Midwest,WH_CHI,91,52.0,32.09,4,7,DHL,Delivered,Paper Towels,Janitorial,DaxPro,High,True,0.94,0.05,Net 45,4732.0,2920.1900000000005,1811.8099999999995,0.38288461538461527,3,Delayed,Review Needed
ORD00469,2026-01-17,P002,Distribution,Northeast,WH_NJ,87,49.15,29.25,2,2,DHL,Delivered,Nitrile Gloves,Healthcare Supplies,SafeHands,Low,True,0.87,0.03,Net 30,4276.05,2544.75,1731.3000000000002,0.404883011190234,0,On Time,Pass
ORD00470,2026-02-07,P008,Government,West,WH_LAX,127,71.6,58.62,4,7,Regional Carrier,Delivered,Face Masks,Healthcare Supplies,SafeHands,Low,True,0.87,0.03,Net 30,9093.199999999999,7444.74,1648.4599999999991,0.18128491620111725,3,Delayed,Pass
ORD00471,2026-02-15,P004,Government,South,WH_DAL,81,6.43,3.93,3,3,UPS,Delivered,Paper Towels,Janitorial,DaxPro,High,True,0.94,0.05,Net 45,520.8299999999999,318.33000000000004,202.4999999999999,0.3888024883359252,0,On Time,Pass
ORD00472,2026-01-03,P003,Education,Midwest,WH_CHI,81,58.33,44.56,5,5,DHL,Delivered,Cleaning Wipes,Janitorial,CleanPro,Medium,True,0.92,0.04,Net 45,4724.73,3609.36,1115.3699999999994,0.2360706326075775,0,On Time,Pass
ORD00473,2026-03-10,P001,Retail,Midwest,WH_CHI,36,54.02,30.0,2,3,Regional Carrier,Delivered,Copy Paper,Office Supplies,NorthStar Paper,High,True,0.92,0.06,Net 60,1944.72,1080.0,864.72,0.44465012958163647,1,Delayed,Review Needed
ORD00474,2026-02-26,P007,Distribution,Midwest,WH_CHI,55,23.96,17.72,3,4,FedEx,Delivered,Trash Bags,Janitorial,CleanPro,Medium,True,0.92,0.04,Net 45,1317.8,974.5999999999999,343.20000000000005,0.26043405676126885,1,Delayed,Pass
ORD00475,2026-02-08,P007,Distribution,Midwest,WH_CHI,56,25.25,18.02,3,3,Regional Carrier,Delivered,Trash Bags,Janitorial,CleanPro,Medium,True,0.92,0.04,Net 45,1414.0,1009.12,404.88,0.2863366336633663,0,On Time,Pass
ORD00476,2026-01-14,P002,Retail,West,WH_LAX,89,63.86,43.71,6,6,UPS,Delivered,Nitrile Gloves,Healthcare Supplies,SafeHands,Low,True,0.87,0.03,Net 30,5683.54,3890.19,1793.35,0.31553398058252424,0,On Time,Pass
ORD00477,2026-02-03,P004,Government,West,WH_LAX,102,27.15,15.22,5,5,UPS,Delivered,Paper Towels,Janitorial,DaxPro,High,True,0.94,0.05,Net 45,2769.2999999999997,1552.44,1216.8599999999997,0.4394106813996316,0,On Time,Pass
ORD00478,2026-03-30,P008,Healthcare,West,WH_LAX,94,5.21,3.81,2,2,Internal Fleet,Delivered,Face Masks,Healthcare Supplies,SafeHands,Low,True,0.87,0.03,Net 30,489.74,358.14,131.60000000000002,0.2687140115163148,0,On Time,Pass
ORD00479,2026-03-27,P008,Retail,South,WH_DAL,113,63.46,36.19,2,2,DHL,Delivered,Face Masks,Healthcare Supplies,SafeHands,Low,True,0.87,0.03,Net 30,7170.9800000000005,4089.47,3081.5100000000007,0.4297195083517177,0,On Time,Pass
ORD00480,2026-03-24,P004,Education,Northeast,WH_NJ,157,24.81,13.98,3,3,FedEx,Delivered,Paper Towels,Janitorial,DaxPro,High,True,0.94,0.05,Net 45,3895.1699999999996,2194.86,1700.3099999999995,0.4365175332527206,0,On Time,Pass
ORD00481,2026-02-07,P006,Government,West,WH_LAX,51,60.39,34.76,2,2,FedEx,Delivered,Printer Toner,Office Supplies,InkLogic,Low,True,0.88,0.02,Net 60,3079.89,1772.76,1307.1299999999999,0.424408014571949,0,On Time,Pass
ORD00482,2026-01-18,P003,Education,West,WH_LAX,137,72.09,58.24,4,4,FedEx,Cancelled,Cleaning Wipes,Janitorial,CleanPro,Medium,True,0.92,0.04,Net 45,9876.33,7978.88,1897.4499999999998,0.19212095991122208,0,On Time,Pass
ORD00483,2026-02-17,P006,Retail,South,WH_DAL,99,35.06,28.39,4,4,Regional Carrier,Delivered,Printer Toner,Office Supplies,InkLogic,Low,True,0.88,0.02,Net 60,3470.94,2810.61,660.3299999999999,0.19024529378208782,0,On Time,Pass
ORD00484,2026-03-30,P008,Healthcare,Northeast,WH_NJ,136,13.48,9.95,2,2,UPS,Delayed,Face Masks,Healthcare Supplies,SafeHands,Low,True,0.87,0.03,Net 30,1833.28,1353.1999999999998,480.08000000000015,0.2618694362017805,0,On Time,Pass
ORD00485,2026-01-14,P007,Distribution,Northeast,WH_NJ,59,55.88,33.47,5,5,DHL,Delivered,Trash Bags,Janitorial,CleanPro,Medium,True,0.92,0.04,Net 45,3296.92,1974.73,1322.19,0.40103793843951324,0,On Time,Pass
ORD00486,2026-03-20,P001,Government,South,WH_DAL,44,74.03,42.97,5,5,Regional Carrier,Delivered,Copy Paper,Office Supplies,NorthStar Paper,High,True,0.92,0.06,Net 60,3257.32,1890.6799999999998,1366.6400000000003,0.41955963798460094,0,On Time,Pass
ORD00487,2026-01-06,P002,Education,West,WH_LAX,88,5.93,4.65,6,8,Internal Fleet,Delivered,Nitrile Gloves,Healthcare Supplies,SafeHands,Low,True,0.87,0.03,Net 30,521.8399999999999,409.20000000000005,112.63999999999987,0.21585160202360856,2,Delayed,Pass
ORD00488,2026-03-14,P004,Distribution,West,WH_LAX,25,44.23,32.69,2,2,Regional Carrier,Delivered,Paper Towels,Janitorial,DaxPro,High,True,0.94,0.05,Net 45,1105.75,817.25,288.5,0.26090888537191953,0,On Time,Pass
ORD00489,2026-03-26,P004,Education,Northeast,WH_NJ,122,54.78,39.62,3,8,Internal Fleet,Delivered,Paper Towels,Janitorial,DaxPro,High,True,0.94,0.05,Net 45,6683.16,4833.639999999999,1849.5200000000004,0.2767433369843009,5,Delayed,Review Needed
ORD00490,2026-03-20,P001,Healthcare,Midwest,WH_CHI,37,42.92,29.04,5,5,UPS,Delivered,Copy Paper,Office Supplies,NorthStar Paper,High,True,0.92,0.06,Net 60,1588.04,1074.48,513.56,0.32339235787511644,0,On Time,Pass
ORD00491,2026-01-10,P008,Healthcare,West,WH_LAX,55,29.82,18.64,6,6,UPS,Delayed,Face Masks,Healthcare Supplies,SafeHands,Low,True,0.87,0.03,Net 30,1640.1,1025.2,614.8999999999999,0.37491616364855795,0,On Time,Pass
ORD00492,2026-03-12,P007,Healthcare,Northeast,WH_NJ,78,10.91,7.31,6,6,Regional Carrier,Delivered,Trash Bags,Janitorial,CleanPro,Medium,True,0.92,0.04,Net 45,850.98,570.18,280.80000000000007,0.3299725022914758,0,On Time,Pass
ORD00493,2026-01-12,P008,Education,Northeast,WH_NJ,85,13.9,9.51,2,2,FedEx,Delivered,Face Masks,Healthcare Supplies,SafeHands,Low,True,0.87,0.03,Net 30,1181.5,808.35,373.15,0.31582733812949637,0,On Time,Pass
ORD00494,2026-02-21,P007,Distribution,Midwest,WH_CHI,30,46.18,35.7,6,7,Internal Fleet,Delivered,Trash Bags,Janitorial,CleanPro,Medium,True,0.92,0.04,Net 45,1385.4,1071.0,314.4000000000001,0.2269380684278909,1,Delayed,Pass
ORD00495,2026-03-23,P005,Government,South,WH_DAL,118,76.28,49.44,2,5,UPS,Delivered,Disposable Cups,Food Service,EcoServe,Low,True,0.91,0.06,Net 45,9001.04,5833.92,3167.120000000001,0.35186156266387003,3,Delayed,Pass
ORD00496,2026-02-28,P006,Education,Northeast,WH_NJ,101,58.69,34.09,3,3,FedEx,Delivered,Printer Toner,Office Supplies,InkLogic,Low,True,0.88,0.02,Net 60,5927.69,3443.09,2484.5999999999995,0.4191514738456295,0,On Time,Pass
ORD00497,2026-02-13,P006,Distribution,West,WH_LAX,122,44.15,32.65,2,2,UPS,Delivered,Printer Toner,Office Supplies,InkLogic,Low,True,0.88,0.02,Net 60,5386.3,3983.2999999999997,1403.0000000000005,0.260475651189128,0,On Time,Pass
ORD00498,2026-03-05,P003,Retail,Northeast,WH_NJ,84,24.07,14.51,2,2,Regional Carrier,Delivered,Cleaning Wipes,Janitorial,CleanPro,Medium,True,0.92,0.04,Net 45,2021.88,1218.84,803.0400000000002,0.39717490652264237,0,On Time,Pass
ORD00499,2026-01-28,P008,Education,South,WH_DAL,84,13.08,8.66,6,7,FedEx,Delivered,Face Masks,Healthcare Supplies,SafeHands,Low,True,0.87,0.03,Net 30,1098.72,727.44,371.28,0.33792048929663604,1,Delayed,Pass
ORD00500,2026-02-27,P008,Government,South,WH_DAL,74,5.33,3.99,6,6,Regional Carrier,Delivered,Face Masks,Healthcare Supplies,SafeHands,Low,True,0.87,0.03,Net 30,394.42,295.26,99.16000000000003,0.25140712945591,0,On Time,Pass
ORD00501,2026-03-16,P008,Distribution,South,WH_DAL,52,18.02,13.88,2,2,Regional Carrier,Delayed,Face Masks,Healthcare Supplies,SafeHands,Low,True,0.87,0.03,Net 30,937.04,721.76,215.27999999999997,0.2297447280799112,0,On Time,Pass
ORD00502,2026-03-26,P006,Government,Northeast,WH_NJ,33,78.46,62.56,3,3,DHL,Delivered,Printer Toner,Office Supplies,InkLogic,Low,True,0.88,0.02,Net 60,2589.18,2064.48,524.6999999999998,0.20265103237318374,0,On Time,Pass
ORD00503,2026-02-20,P006,Government,West,WH_LAX,41,65.36,38.39,6,6,Internal Fleet,Delivered,Printer Toner,Office Supplies,InkLogic,Low,True,0.88,0.02,Net 60,2679.7599999999998,1573.99,1105.7699999999998,0.41263769889840873,0,On Time,Pass
ORD00504,2026-02-08,P006,Healthcare,South,WH_DAL,4,20.73,15.4,4,6,UPS,Delivered,Printer Toner,Office Supplies,InkLogic,Low,True,0.88,0.02,Net 60,82.92,61.6,21.32,0.25711529184756393,2,Delayed,Pass
ORD00505,2026-03-25,P003,Retail,West,WH_LAX,82,62.06,43.55,6,6,Internal Fleet,Delayed,Cleaning Wipes,Janitorial,CleanPro,Medium,True,0.92,0.04,Net 45,5088.92,3571.1,1517.8200000000002,0.29825974863035776,0,On Time,Pass
ORD00506,2026-03-27,P007,Government,West,WH_LAX,76,65.62,45.35,2,4,Regional Carrier,Delivered,Trash Bags,Janitorial,CleanPro,Medium,True,0.92,0.04,Net 45,4987.120000000001,3446.6,1540.520000000001,0.3088997256933863,2,Delayed,Pass
ORD00507,2026-01-19,P001,Healthcare,Midwest,WH_CHI,56,25.02,19.07,4,4,DHL,Delivered,Copy Paper,Office Supplies,NorthStar Paper,High,True,0.92,0.06,Net 60,1401.12,1067.92,333.1999999999998,0.2378097521982413,0,On Time,Pass
ORD00508,2026-01-19,P001,Healthcare,West,WH_LAX,114,61.52,34.37,5,5,FedEx,Delivered,Copy Paper,Office Supplies,NorthStar Paper,High,True,0.92,0.06,Net 60,7013.280000000001,3918.18,3095.100000000001,0.44131989596879073,0,On Time,Pass
ORD00509,2026-03-20,P004,Healthcare,Northeast,WH_NJ,80,43.32,33.15,4,4,FedEx,Delivered,Paper Towels,Janitorial,DaxPro,High,True,0.94,0.05,Net 45,3465.6,2652.0,813.5999999999999,0.23476454293628807,0,On Time,Pass
ORD00510,2026-02-18,P007,Education,Northeast,WH_NJ,79,77.44,43.72,4,4,UPS,Delivered,Trash Bags,Janitorial,CleanPro,Medium,True,0.92,0.04,Net 45,6117.76,3453.88,2663.88,0.43543388429752067,0,On Time,Pass
ORD00511,2026-03-21,P008,Education,South,WH_DAL,79,61.63,42.99,6,6,UPS,Delivered,Face Masks,Healthcare Supplies,SafeHands,Low,True,0.87,0.03,Net 30,4868.77,3396.21,1472.5600000000004,0.30245010546811624,0,On Time,Pass
ORD00512,2026-01-25,P005,Healthcare,Northeast,WH_NJ,108,78.76,44.9,3,3,Internal Fleet,Delivered,Disposable Cups,Food Service,EcoServe,Low,True,0.91,0.06,Net 45,8506.08,4849.2,3656.88,0.4299136617572372,0,On Time,Pass
ORD00513,2026-01-16,P007,Government,Midwest,WH_CHI,42,25.93,16.11,3,3,Internal Fleet,Delivered,Trash Bags,Janitorial,CleanPro,Medium,True,0.92,0.04,Net 45,1089.06,676.62,412.43999999999994,0.37871191669880444,0,On Time,Pass
ORD00514,2026-02-02,P001,Government,West,WH_LAX,69,58.23,34.46,3,3,DHL,Delivered,Copy Paper,Office Supplies,NorthStar Paper,High,True,0.92,0.06,Net 60,4017.87,2377.7400000000002,1640.1299999999997,0.40820882706508665,0,On Time,Pass
ORD00515,2026-03-18,P001,Government,West,WH_LAX,81,64.24,44.87,2,5,DHL,Delivered,Copy Paper,Office Supplies,NorthStar Paper,High,True,0.92,0.06,Net 60,5203.44,3634.47,1568.9699999999998,0.3015255292652553,3,Delayed,Review Needed
ORD00516,2026-03-09,P004,Distribution,South,WH_DAL,98,10.11,6.94,5,5,Internal Fleet,Delivered,Paper Towels,Janitorial,DaxPro,High,True,0.94,0.05,Net 45,990.78,680.12,310.65999999999997,0.3135509396636993,0,On Time,Pass
ORD00517,2026-03-10,P007,Education,Midwest,WH_CHI,47,21.59,13.12,4,4,DHL,Delivered,Trash Bags,Janitorial,CleanPro,Medium,True,0.92,0.04,Net 45,1014.73,616.64,398.09000000000003,0.3923112552107457,0,On Time,Pass
ORD00518,2026-02-16,P005,Distribution,South,WH_DAL,74,44.79,36.69,2,2,FedEx,Delivered,Disposable Cups,Food Service,EcoServe,Low,True,0.91,0.06,Net 45,3314.46,2715.06,599.4000000000001,0.1808439383791025,0,On Time,Pass
ORD00519,2026-03-27,P006,Healthcare,Northeast,WH_NJ,72,72.84,52.13,6,6,UPS,Cancelled,Printer Toner,Office Supplies,InkLogic,Low,True,0.88,0.02,Net 60,5244.4800000000005,3753.36,1491.1200000000003,0.28432180120812744,0,On Time,Pass
ORD00520,2026-01-06,P006,Retail,Northeast,WH_NJ,132,33.94,23.62,4,4,FedEx,Delivered,Printer Toner,Office Supplies,InkLogic,Low,True,0.88,0.02,Net 60,4480.08,3117.84,1362.2399999999998,0.3040659988214496,0,On Time,Pass
ORD00521,2026-03-08,P006,Government,Northeast,WH_NJ,58,8.29,6.57,3,3,DHL,Delivered,Printer Toner,Office Supplies,InkLogic,Low,True,0.88,0.02,Net 60,480.81999999999994,381.06,99.75999999999993,0.2074788902291917,0,On Time,Pass
ORD00522,2026-03-07,P002,Healthcare,Midwest,WH_CHI,69,77.87,59.09,6,6,FedEx,Cancelled,Nitrile Gloves,Healthcare Supplies,SafeHands,Low,True,0.87,0.03,Net 30,5373.030000000001,4077.21,1295.8200000000006,0.24117118274046495,0,On Time,Pass
ORD00523,2026-03-22,P002,Healthcare,South,WH_DAL,95,69.87,46.43,2,2,UPS,Delivered,Nitrile Gloves,Healthcare Supplies,SafeHands,Low,True,0.87,0.03,Net 30,6637.650000000001,4410.85,2226.8,0.33548017747244885,0,On Time,Pass
ORD00524,2026-03-10,P007,Healthcare,Midwest,WH_CHI,121,6.78,5.04,2,2,FedEx,Delivered,Trash Bags,Janitorial,CleanPro,Medium,True,0.92,0.04,Net 45,820.38,609.84,210.53999999999996,0.2566371681415929,0,On Time,Pass
ORD00525,2026-01-10,P001,Education,South,WH_DAL,32,46.86,33.05,3,3,DHL,Delivered,Copy Paper,Office Supplies,NorthStar Paper,High,True,0.92,0.06,Net 60,1499.52,1057.6,441.9200000000001,0.29470763977806236,0,On Time,Pass
ORD00526,2026-02-22,P007,Government,Northeast,WH_NJ,72,37.48,20.78,2,3,Internal Fleet,Delivered,Trash Bags,Janitorial,CleanPro,Medium,True,0.92,0.04,Net 45,2698.56,1496.16,1202.3999999999999,0.44557097118463174,1,Delayed,Pass
ORD00527,2026-01-01,P002,Retail,Midwest,WH_CHI,59,31.83,21.83,4,4,DHL,Delivered,Nitrile Gloves,Healthcare Supplies,SafeHands,Low,True,0.87,0.03,Net 30,1877.9699999999998,1287.9699999999998,590.0,0.3141690229343387,0,On Time,Pass
ORD00528,2026-03-19,P002,Government,West,WH_LAX,1,33.61,25.95,2,3,Regional Carrier,Delivered,Nitrile Gloves,Healthcare Supplies,SafeHands,Low,True,0.87,0.03,Net 30,33.61,25.95,7.66,0.22790836060696223,1,Delayed,Pass
ORD00529,2026-01-21,P004,Government,South,WH_DAL,28,64.76,50.47,4,4,UPS,Delivered,Paper Towels,Janitorial,DaxPro,High,True,0.94,0.05,Net 45,1813.2800000000002,1413.1599999999999,400.12000000000035,0.22066090179122932,0,On Time,Pass
ORD00530,2026-02-08,P006,Distribution,Midwest,WH_CHI,86,70.61,41.53,2,7,FedEx,Delivered,Printer Toner,Office Supplies,InkLogic,Low,True,0.88,0.02,Net 60,6072.46,3571.58,2500.88,0.41183968276448096,5,Delayed,Pass
ORD00531,2026-03-15,P007,Education,Midwest,WH_CHI,79,20.75,15.57,4,4,UPS,Delivered,Trash Bags,Janitorial,CleanPro,Medium,True,0.92,0.04,Net 45,1639.25,1230.03,409.22,0.24963855421686748,0,On Time,Pass
ORD00532,2026-02-22,P003,Healthcare,South,WH_DAL,100,21.56,16.72,3,3,FedEx,Delivered,Cleaning Wipes,Janitorial,CleanPro,Medium,True,0.92,0.04,Net 45,2156.0,1672.0,484.0,0.22448979591836735,0,On Time,Pass
ORD00533,2026-01-24,P001,Distribution,Northeast,WH_NJ,79,10.49,7.67,4,4,FedEx,Delivered,Copy Paper,Office Supplies,NorthStar Paper,High,True,0.92,0.06,Net 60,828.71,605.93,222.7800000000001,0.2688274547187799,0,On Time,Pass
ORD00534,2026-01-26,P008,Education,West,WH_LAX,47,14.62,10.63,2,3,DHL,Delivered,Face Masks,Healthcare Supplies,SafeHands,Low,True,0.87,0.03,Net 30,687.14,499.61,187.52999999999997,0.27291381668946646,1,Delayed,Pass
ORD00535,2026-03-21,P002,Education,South,WH_DAL,31,41.44,26.47,4,4,Internal Fleet,Delivered,Nitrile Gloves,Healthcare Supplies,SafeHands,Low,True,0.87,0.03,Net 30,1284.6399999999999,820.5699999999999,464.06999999999994,0.36124517374517373,0,On Time,Pass
ORD00536,2026-01-20,P006,Government,West,WH_LAX,23,17.65,11.2,3,5,Regional Carrier,Delayed,Printer Toner,Office Supplies,InkLogic,Low,True,0.88,0.02,Net 60,405.95,257.59999999999997,148.35000000000002,0.36543909348441933,2,Delayed,Pass
ORD00537,2026-02-05,P006,Education,South,WH_DAL,56,70.84,47.81,4,4,DHL,Delivered,Printer Toner,Office Supplies,InkLogic,Low,True,0.88,0.02,Net 60,3967.04,2677.36,1289.6799999999998,0.32509881422924897,0,On Time,Pass
ORD00538,2026-03-04,P002,Distribution,South,WH_DAL,116,11.15,6.98,3,3,Internal Fleet,Delivered,Nitrile Gloves,Healthcare Supplies,SafeHands,Low,True,0.87,0.03,Net 30,1293.4,809.6800000000001,483.72,0.3739910313901345,0,On Time,Pass
ORD00539,2026-01-26,P005,Retail,Midwest,WH_CHI,155,71.91,56.05,2,2,Internal Fleet,Delayed,Disposable Cups,Food Service,EcoServe,Low,True,0.91,0.06,Net 45,11146.05,8687.75,2458.2999999999993,0.22055346961479622,0,On Time,Pass
ORD00540,2026-03-16,P007,Retail,South,WH_DAL,58,46.37,32.31,6,6,Regional Carrier,Delivered,Trash Bags,Janitorial,CleanPro,Medium,True,0.92,0.04,Net 45,2689.46,1873.98,815.48,0.30321328445115375,0,On Time,Pass
ORD00541,2026-03-25,P003,Government,West,WH_LAX,81,21.75,16.5,4,4,UPS,Delivered,Cleaning Wipes,Janitorial,CleanPro,Medium,True,0.92,0.04,Net 45,1761.75,1336.5,425.25,0.2413793103448276,0,On Time,Pass
ORD00542,2026-03-01,P002,Education,Northeast,WH_NJ,53,42.66,31.1,6,6,UPS,Delivered,Nitrile Gloves,Healthcare Supplies,SafeHands,Low,True,0.87,0.03,Net 30,2260.98,1648.3000000000002,612.6799999999998,0.27097984060009367,0,On Time,Pass
ORD00543,2026-03-07,P003,Healthcare,Northeast,WH_NJ,67,18.44,14.87,3,3,Regional Carrier,Delivered,Cleaning Wipes,Janitorial,CleanPro,Medium,True,0.92,0.04,Net 45,1235.48,996.29,239.19000000000005,0.19360086767895882,0,On Time,Pass
ORD00544,2026-02-15,P001,Government,South,WH_DAL,86,22.38,13.91,3,6,FedEx,Delivered,Copy Paper,Office Supplies,NorthStar Paper,High,True,0.92,0.06,Net 60,1924.6799999999998,1196.26,728.4199999999998,0.37846291331546017,3,Delayed,Review Needed
ORD00545,2026-03-27,P004,Government,West,WH_LAX,32,40.23,27.06,2,2,FedEx,Delivered,Paper Towels,Janitorial,DaxPro,High,True,0.94,0.05,Net 45,1287.36,865.92,421.43999999999994,0.3273676360924683,0,On Time,Pass
ORD00546,2026-03-25,P006,Distribution,Midwest,WH_CHI,45,52.52,32.76,4,4,Internal Fleet,Delivered,Printer Toner,Office Supplies,InkLogic,Low,True,0.88,0.02,Net 60,2363.4,1474.1999999999998,889.2000000000003,0.37623762376237635,0,On Time,Pass
ORD00547,2026-03-11,P003,Government,Northeast,WH_NJ,121,32.4,23.54,2,2,Internal Fleet,Delivered,Cleaning Wipes,Janitorial,CleanPro,Medium,True,0.92,0.04,Net 45,3920.3999999999996,2848.3399999999997,1072.06,0.2734567901234568,0,On Time,Pass
ORD00548,2026-02-02,P007,Distribution,South,WH_DAL,105,35.44,27.31,4,4,Regional Carrier,Delayed,Trash Bags,Janitorial,CleanPro,Medium,True,0.92,0.04,Net 45,3721.2,2867.5499999999997,853.6500000000001,0.22940180586907452,0,On Time,Pass
ORD00549,2026-03-03,P001,Government,South,WH_DAL,114,17.42,9.94,4,4,UPS,Delivered,Copy Paper,Office Supplies,NorthStar Paper,High,True,0.92,0.06,Net 60,1985.88,1133.1599999999999,852.7200000000003,0.4293915040183698,0,On Time,Pass
ORD00550,2026-01-20,P003,Education,South,WH_DAL,53,50.15,38.64,3,3,Regional Carrier,Delivered,Cleaning Wipes,Janitorial,CleanPro,Medium,True,0.92,0.04,Net 45,2657.95,2047.92,610.0299999999997,0.22951146560319036,0,On Time,Pass
ORD00551,2026-02-12,P002,Government,Northeast,WH_NJ,126,40.93,29.04,5,5,FedEx,Delivered,Nitrile Gloves,Healthcare Supplies,SafeHands,Low,True,0.87,0.03,Net 30,5157.18,3659.04,1498.1400000000003,0.2904959687270951,0,On Time,Pass
ORD00552,2026-02-01,P001,Distribution,South,WH_DAL,99,49.43,28.98,6,6,FedEx,Delayed,Copy Paper,Office Supplies,NorthStar Paper,High,True,0.92,0.06,Net 60,4893.57,2869.02,2024.5499999999997,0.41371636657900057,0,On Time,Pass
ORD00553,2026-03-15,P003,Healthcare,Midwest,WH_CHI,57,24.37,14.59,5,10,Internal Fleet,Delivered,Cleaning Wipes,Janitorial,CleanPro,Medium,True,0.92,0.04,Net 45,1389.0900000000001,831.63,557.4600000000002,0.4013130898645877,5,Delayed,Pass
ORD00554,2026-03-14,P001,Retail,West,WH_LAX,112,21.24,15.16,5,5,Regional Carrier,Delivered,Copy Paper,Office Supplies,NorthStar Paper,High,True,0.92,0.06,Net 60,2378.8799999999997,1697.92,680.9599999999996,0.2862523540489641,0,On Time,Pass
ORD00555,2026-01-22,P004,Distribution,Northeast,WH_NJ,98,15.7,11.1,3,3,Internal Fleet,Delivered,Paper Towels,Janitorial,DaxPro,High,True,0.94,0.05,Net 45,1538.6,1087.8,450.79999999999995,0.2929936305732484,0,On Time,Pass
ORD00556,2026-03-26,P005,Education,South,WH_DAL,117,74.18,52.75,2,5,UPS,Delivered,Disposable Cups,Food Service,EcoServe,Low,True,0.91,0.06,Net 45,8679.060000000001,6171.75,2507.3100000000013,0.2888918846050149,3,Delayed,Pass
ORD00557,2026-02-18,P007,Retail,South,WH_DAL,43,6.24,4.31,6,6,Regional Carrier,Delivered,Trash Bags,Janitorial,CleanPro,Medium,True,0.92,0.04,Net 45,268.32,185.32999999999998,82.99000000000001,0.30929487179487186,0,On Time,Pass
ORD00558,2026-01-20,P002,Government,South,WH_DAL,11,72.62,51.7,6,9,Internal Fleet,Delivered,Nitrile Gloves,Healthcare Supplies,SafeHands,Low,True,0.87,0.03,Net 30,798.82,568.7,230.12,0.2880749104929771,3,Delayed,Pass
ORD00559,2026-01-16,P002,Healthcare,Northeast,WH_NJ,72,72.65,50.54,2,4,Regional Carrier,Delivered,Nitrile Gloves,Healthcare Supplies,SafeHands,Low,True,0.87,0.03,Net 30,5230.8,3638.88,1591.92,0.3043358568479009,2,Delayed,Pass
ORD00560,2026-03-08,P007,Retail,West,WH_LAX,70,57.32,38.16,5,5,Regional Carrier,Delivered,Trash Bags,Janitorial,CleanPro,Medium,True,0.92,0.04,Net 45,4012.4,2671.2,1341.2000000000003,0.33426378227494774,0,On Time,Pass
ORD00561,2026-02-14,P002,Healthcare,Northeast,WH_NJ,74,24.09,18.23,2,3,DHL,Delivered,Nitrile Gloves,Healthcare Supplies,SafeHands,Low,True,0.87,0.03,Net 30,1782.66,1349.02,433.6400000000001,0.24325446243254467,1,Delayed,Pass
ORD00562,2026-03-18,P007,Healthcare,West,WH_LAX,89,5.41,4.06,2,4,Internal Fleet,Delivered,Trash Bags,Janitorial,CleanPro,Medium,True,0.92,0.04,Net 45,481.49,361.34,120.15000000000003,0.24953789279112762,2,Delayed,Pass
ORD00563,2026-03-08,P002,Government,Midwest,WH_CHI,103,54.09,39.79,4,4,Regional Carrier,Delivered,Nitrile Gloves,Healthcare Supplies,SafeHands,Low,True,0.87,0.03,Net 30,5571.27,4098.37,1472.9000000000005,0.26437419116287675,0,On Time,Pass
ORD00564,2026-02-16,P002,Government,South,WH_DAL,121,53.87,33.32,6,11,Regional Carrier,Delayed,Nitrile Gloves,Healthcare Supplies,SafeHands,Low,True,0.87,0.03,Net 30,6518.2699999999995,4031.7200000000003,2486.5499999999993,0.3814739186931501,5,Delayed,Pass
ORD00565,2026-03-14,P006,Government,West,WH_LAX,93,61.62,40.77,6,7,Regional Carrier,Delivered,Printer Toner,Office Supplies,InkLogic,Low,True,0.88,0.02,Net 60,5730.66,3791.61,1939.0499999999997,0.3383641674780915,1,Delayed,Pass
ORD00566,2026-01-23,P006,Education,Northeast,WH_NJ,57,79.14,55.87,5,5,UPS,Delivered,Printer Toner,Office Supplies,InkLogic,Low,True,0.88,0.02,Net 60,4510.9800000000005,3184.5899999999997,1326.3900000000008,0.2940358857720497,0,On Time,Pass
ORD00567,2026-03-26,P002,Government,South,WH_DAL,90,63.73,51.39,2,2,UPS,Delivered,Nitrile Gloves,Healthcare Supplies,SafeHands,Low,True,0.87,0.03,Net 30,5735.7,4625.1,1110.5999999999995,0.1936293739212301,0,On Time,Pass
ORD00568,2026-03-07,P007,Distribution,West,WH_LAX,139,51.05,37.51,2,2,UPS,Delivered,Trash Bags,Janitorial,CleanPro,Medium,True,0.92,0.04,Net 45,7095.95,5213.889999999999,1882.0600000000004,0.26523016650342807,0,On Time,Pass
ORD00569,2026-02-19,P001,Healthcare,Midwest,WH_CHI,106,40.38,28.75,2,2,FedEx,Delivered,Copy Paper,Office Supplies,NorthStar Paper,High,True,0.92,0.06,Net 60,4280.280000000001,3047.5,1232.7800000000007,0.2880138682516098,0,On Time,Pass
ORD00570,2026-02-03,P004,Retail,West,WH_LAX,93,50.68,37.79,5,5,Internal Fleet,Delivered,Paper Towels,Janitorial,DaxPro,High,True,0.94,0.05,Net 45,4713.24,3514.47,1198.77,0.2543409629044988,0,On Time,Pass
ORD00571,2026-03-25,P005,Healthcare,Midwest,WH_CHI,72,53.02,35.45,3,4,Internal Fleet,Delivered,Disposable Cups,Food Service,EcoServe,Low,True,0.91,0.06,Net 45,3817.44,2552.4,1265.04,0.33138438325160313,1,Delayed,Pass
ORD00572,2026-02-06,P004,Distribution,Midwest,WH_CHI,50,43.29,31.97,6,6,UPS,Delivered,Paper Towels,Janitorial,DaxPro,High,True,0.94,0.05,Net 45,2164.5,1598.5,566.0,0.2614922614922615,0,On Time,Pass
ORD00573,2026-03-28,P001,Healthcare,West,WH_LAX,38,54.13,44.03,2,2,DHL,Delivered,Copy Paper,Office Supplies,NorthStar Paper,High,True,0.92,0.06,Net 60,2056.94,1673.14,383.79999999999995,0.1865878440790689,0,On Time,Pass
ORD00574,2026-02-21,P006,Government,Northeast,WH_NJ,95,48.96,33.77,2,2,FedEx,Delivered,Printer Toner,Office Supplies,InkLogic,Low,True,0.88,0.02,Net 60,4651.2,3208.15,1443.0499999999997,0.31025326797385616,0,On Time,Pass
ORD00575,2026-03-12,P005,Education,West,WH_LAX,52,77.25,48.25,6,9,UPS,Delivered,Disposable Cups,Food Service,EcoServe,Low,True,0.91,0.06,Net 45,4017.0,2509.0,1508.0,0.37540453074433655,3,Delayed,Pass
ORD00576,2026-02-28,P007,Education,Midwest,WH_CHI,102,18.13,12.45,6,6,FedEx,Delivered,Trash Bags,Janitorial,CleanPro,Medium,True,0.92,0.04,Net 45,1849.26,1269.8999999999999,579.3600000000001,0.3132928847214562,0,On Time,Pass
ORD00577,2026-03-06,P005,Retail,West,WH_LAX,105,65.22,52.72,6,11,Internal Fleet,Delivered,Disposable Cups,Food Service,EcoServe,Low,True,0.91,0.06,Net 45,6848.099999999999,5535.599999999999,1312.5,0.19165900030665442,5,Delayed,Pass
ORD00578,2026-02-02,P008,Distribution,Northeast,WH_NJ,66,41.27,25.41,4,4,Regional Carrier,Delivered,Face Masks,Healthcare Supplies,SafeHands,Low,True,0.87,0.03,Net 30,2723.82,1677.06,1046.7600000000002,0.38429852192876185,0,On Time,Pass
ORD00579,2026-03-29,P008,Government,Midwest,WH_CHI,87,13.72,7.8,3,3,UPS,Delivered,Face Masks,Healthcare Supplies,SafeHands,Low,True,0.87,0.03,Net 30,1193.64,678.6,515.0400000000001,0.4314868804664723,0,On Time,Pass
ORD00580,2026-02-10,P007,Distribution,West,WH_LAX,112,45.17,33.39,4,4,UPS,Delivered,Trash Bags,Janitorial,CleanPro,Medium,True,0.92,0.04,Net 45,5059.04,3739.6800000000003,1319.3599999999997,0.2607925614345804,0,On Time,Pass
ORD00581,2026-02-06,P002,Education,Northeast,WH_NJ,26,10.7,8.58,5,6,DHL,Delivered,Nitrile Gloves,Healthcare Supplies,SafeHands,Low,True,0.87,0.03,Net 30,278.2,223.08,55.119999999999976,0.19813084112149526,1,Delayed,Pass
ORD00582,2026-02-15,P004,Healthcare,West,WH_LAX,124,76.03,55.84,3,3,Regional Carrier,Delivered,Paper Towels,Janitorial,DaxPro,High,True,0.94,0.05,Net 45,9427.72,6924.160000000001,2503.5599999999986,0.2655530711561225,0,On Time,Pass
ORD00583,2026-01-26,P004,Education,South,WH_DAL,60,20.51,12.4,3,3,Internal Fleet,Delivered,Paper Towels,Janitorial,DaxPro,High,True,0.94,0.05,Net 45,1230.6000000000001,744.0,486.60000000000014,0.3954168698196003,0,On Time,Pass
ORD00584,2026-02-15,P003,Retail,Midwest,WH_CHI,86,74.01,54.21,5,5,Internal Fleet,Delivered,Cleaning Wipes,Janitorial,CleanPro,Medium,True,0.92,0.04,Net 45,6364.860000000001,4662.06,1702.8000000000002,0.26753141467369274,0,On Time,Pass
ORD00585,2026-01-01,P001,Education,Northeast,WH_NJ,115,51.55,35.21,6,6,DHL,Delivered,Copy Paper,Office Supplies,NorthStar Paper,High,True,0.92,0.06,Net 60,5928.25,4049.15,1879.1,0.31697381183317164,0,On Time,Pass
ORD00586,2026-03-04,P003,Government,West,WH_LAX,100,21.66,15.29,2,2,Internal Fleet,Delivered,Cleaning Wipes,Janitorial,CleanPro,Medium,True,0.92,0.04,Net 45,2166.0,1529.0,637.0,0.29409048938134813,0,On Time,Pass
ORD00587,2026-02-24,P008,Distribution,Midwest,WH_CHI,74,31.05,24.29,3,4,Regional Carrier,Delivered,Face Masks,Healthcare Supplies,SafeHands,Low,True,0.87,0.03,Net 30,2297.7000000000003,1797.46,500.24000000000024,0.21771336553945259,1,Delayed,Pass
ORD00588,2026-01-16,P008,Retail,West,WH_LAX,64,5.89,3.57,6,7,FedEx,Delivered,Face Masks,Healthcare Supplies,SafeHands,Low,True,0.87,0.03,Net 30,376.96,228.48,148.48,0.3938879456706282,1,Delayed,Pass
ORD00589,2026-02-11,P006,Healthcare,West,WH_LAX,40,46.14,28.33,5,5,Internal Fleet,Delivered,Printer Toner,Office Supplies,InkLogic,Low,True,0.88,0.02,Net 60,1845.6,1133.1999999999998,712.4000000000001,0.3859991330732554,0,On Time,Pass
ORD00590,2026-02-13,P006,Government,South,WH_DAL,73,36.8,24.4,4,4,DHL,Delivered,Printer Toner,Office Supplies,InkLogic,Low,True,0.88,0.02,Net 60,2686.3999999999996,1781.1999999999998,905.1999999999998,0.33695652173913043,0,On Time,Pass
ORD00591,2026-02-21,P005,Healthcare,Northeast,WH_NJ,132,47.86,38.98,3,8,FedEx,Delayed,Disposable Cups,Food Service,EcoServe,Low,True,0.91,0.06,Net 45,6317.5199999999995,5145.36,1172.1599999999999,0.18554116172168825,5,Delayed,Pass
ORD00592,2026-02-04,P004,Government,Northeast,WH_NJ,102,19.7,15.09,3,3,Regional Carrier,Delivered,Paper Towels,Janitorial,DaxPro,High,True,0.94,0.05,Net 45,2009.3999999999999,1539.18,470.2199999999998,0.2340101522842639,0,On Time,Pass
ORD00593,2026-01-02,P003,Government,Northeast,WH_NJ,122,15.09,11.94,6,6,Internal Fleet,Delivered,Cleaning Wipes,Janitorial,CleanPro,Medium,True,0.92,0.04,Net 45,1840.98,1456.6799999999998,384.3000000000002,0.20874751491053686,0,On Time,Pass
ORD00594,2026-02-10,P008,Education,West,WH_LAX,100,47.16,33.17,5,6,FedEx,Delivered,Face Masks,Healthcare Supplies,SafeHands,Low,True,0.87,0.03,Net 30,4716.0,3317.0,1399.0,0.29664970313825273,1,Delayed,Pass
ORD00595,2026-03-30,P003,Healthcare,Midwest,WH_CHI,145,66.04,44.82,2,2,Regional Carrier,Delivered,Cleaning Wipes,Janitorial,CleanPro,Medium,True,0.92,0.04,Net 45,9575.800000000001,6498.9,3076.9000000000015,0.3213204118715931,0,On Time,Pass
ORD00596,2026-02-12,P005,Education,West,WH_LAX,134,47.03,37.7,4,4,DHL,Delivered,Disposable Cups,Food Service,EcoServe,Low,True,0.91,0.06,Net 45,6302.02,5051.8,1250.2200000000003,0.19838401020625135,0,On Time,Pass
ORD00597,2026-01-03,P007,Education,Midwest,WH_CHI,84,70.05,56.74,3,3,Internal Fleet,Delayed,Trash Bags,Janitorial,CleanPro,Medium,True,0.92,0.04,Net 45,5884.2,4766.16,1118.04,0.19000713775874375,0,On Time,Pass
ORD00598,2026-03-15,P003,Education,West,WH_LAX,18,29.38,20.21,5,5,FedEx,Delivered,Cleaning Wipes,Janitorial,CleanPro,Medium,True,0.92,0.04,Net 45,528.84,363.78000000000003,165.06,0.3121170864533696,0,On Time,Pass
ORD00599,2026-02-18,P005,Healthcare,Northeast,WH_NJ,97,70.12,50.69,4,4,Regional Carrier,Delivered,Disposable Cups,Food Service,EcoServe,Low,True,0.91,0.06,Net 45,6801.64,4916.929999999999,1884.710000000001,0.2770964061608672,0,On Time,Pass
ORD00600,2026-03-22,P007,Retail,Midwest,WH_CHI,61,17.15,10.49,4,4,DHL,Delivered,Trash Bags,Janitorial,CleanPro,Medium,True,0.92,0.04,Net 45,1046.1499999999999,639.89,406.2599999999999,0.388338192419825,0,On Time,Pass
